system:index,date,class_id,LAI_MODIS,FVC_crudo,FVC_gf,LAI_MODIS_raw,FPAR_MODIS,LAI_gf,LAI_crudo,FPAR_MODIS_raw
0_8_0,2023-01-05,6202,0.7000000000000001,0.030803576,0.020041347,7,0.35000000000000003,0.36553383,0.48850232,35
0_11_0,2023-01-05,2812,1.0,0.036067605,0.018927112,10,0.42,0.3783305,0.37942275,42
0_57_0,2023-01-05,7941,0.8,0.1569449,0.076306395,8,0.34,0.38269717,0.27041033,34
0_82_0,2023-01-05,3426,0.4,1.0E-5,0.06659638,4,0.25,0.2635399,1.0E-5,25
0_145_0,2023-01-05,3134,0.7000000000000001,0.039706457,0.055103995,7,0.32,0.41862485,0.40833163,32
0_171_0,2023-01-05,5774,0.4,1.0E-5,0.0071019162,4,0.22,0.28462243,0.5309922,22
0_176_0,2023-01-05,6355,0.7000000000000001,1.0E-5,0.0025112769,7,0.35000000000000003,0.51571953,0.033250056,35
0_213_0,2023-01-05,3880,0.8,1.0E-5,0.00807744,8,0.43,0.31872758,0.458703,43
0_229_0,2023-01-05,9953,0.30000000000000004,1.0E-5,0.021097286,3,0.19,0.31662518,0.58680576,19
0_247_0,2023-01-05,9664,0.8,1.0E-5,0.12035004,8,0.4,0.4800795,0.3243255,40
0_284_0,2023-01-05,3432,0.5,0.05397908,0.018337227,5,0.26,0.46213648,0.15205143,26
0_319_0,2023-01-05,1989,0.7000000000000001,0.033500504,0.010622725,7,0.33,0.24780521,0.22693972,33
0_334_0,2023-01-05,9643,0.6000000000000001,0.009009527,0.045501698,6,0.31,0.22838198,0.32916084,31
0_343_0,2023-01-05,5265,0.5,1.0E-5,0.140378,5,0.28,0.52879107,0.3015572,28
0_396_0,2023-01-05,9182,0.5,1.0E-5,0.09609031,5,0.23,0.34238762,0.27532518,23
0_424_0,2023-01-05,1763,0.9,1.0E-5,0.03587298,9,0.43,0.42040706,0.39533353,43
0_430_0,2023-01-05,7487,0.30000000000000004,1.0E-5,0.04437937,3,0.18,0.27053228,0.25659674,18
0_464_0,2023-01-05,7130,0.2,0.0731031,0.2196034,2,0.14,0.7065747,1.0E-5,14
0_471_0,2023-01-05,544,0.4,1.0E-5,0.017920455,4,0.22,0.2688376,0.53602976,22
0_482_0,2023-01-05,4903,2.0,0.43339935,0.40489513,20,0.65,0.88602304,0.7091385,65
1_2_0,2023-01-15,6139,1.8,0.23564903,0.21762055,18,0.54,0.41266638,0.34498516,54
1_8_0,2023-01-15,6202,0.6000000000000001,1.0E-5,0.011937735,6,0.36,0.4811276,0.4135861,36
1_11_0,2023-01-15,2812,1.0,0.01514832,0.014589782,10,0.51,0.39809313,0.3200402,51
1_38_0,2023-01-15,516,0.5,0.013165614,0.053037263,5,0.25,0.20409113,0.17914428,25
1_57_0,2023-01-15,7941,0.7000000000000001,1.0E-5,0.050344475,7,0.38,0.4201839,0.345831,38
1_73_0,2023-01-15,3002,0.5,1.0E-5,0.015686633,5,0.27,0.22318557,0.153551,27
1_82_0,2023-01-15,3426,0.5,1.0E-5,0.018144228,5,0.29,0.24892357,0.3008127,29
1_102_0,2023-01-15,214,0.5,1.0E-5,0.0016222947,5,0.25,0.17323653,0.11877684,25
1_106_0,2023-01-15,956,0.7000000000000001,0.010298823,0.033580303,7,0.4,0.29128253,0.26577002,40
1_109_0,2023-01-15,9856,1.1,0.055806093,0.0754932,11,0.47000000000000003,0.27890667,0.2571116,47
1_145_0,2023-01-15,3134,0.4,1.0E-5,0.0112619735,4,0.22,0.35810202,0.22508861,22
1_153_0,2023-01-15,6697,0.4,1.0E-5,0.0197918,4,0.26,0.3643382,0.22044072,26
1_171_0,2023-01-15,5774,0.5,0.02106225,0.009696542,5,0.23,0.22774638,0.16731001,23
1_176_0,2023-01-15,6355,0.5,1.0E-5,2.713592E-4,5,0.24,0.5998114,0.8322504,24
1_213_0,2023-01-15,3880,0.30000000000000004,0.01674557,0.011840059,3,0.17,0.29697815,0.15875487,17
1_229_0,2023-01-15,9953,0.6000000000000001,1.0E-5,0.003736114,6,0.27,0.31949645,0.053887147,27
1_245_0,2023-01-15,1735,1.4000000000000001,1.0E-5,0.020826865,14,0.59,0.3170793,0.22883515,59
1_247_0,2023-01-15,9664,0.7000000000000001,1.0E-5,0.029761946,7,0.37,0.3128817,0.20377478,37
1_258_0,2023-01-15,8960,0.5,0.047189306,0.050279513,5,0.27,0.21752264,0.17135875,27
1_269_0,2023-01-15,3474,1.5,0.14432335,0.17997363,15,0.5700000000000001,0.27854782,0.24020055,57
1_274_0,2023-01-15,6093,0.7000000000000001,1.0E-5,5.009969E-4,7,0.33,0.4858797,0.52438647,33
1_280_0,2023-01-15,275,0.30000000000000004,1.0E-5,1.0209895E-5,3,0.21,0.4406808,0.3927802,21
1_284_0,2023-01-15,3432,0.7000000000000001,1.0E-5,0.016889103,7,0.39,0.44765052,0.5857471,39
1_307_0,2023-01-15,2058,0.5,1.0E-5,0.010880848,5,0.27,0.33331344,0.26359096,27
1_317_0,2023-01-15,113,0.5,1.0E-5,0.011409835,5,0.25,0.3910386,0.17435533,25
1_319_0,2023-01-15,1989,1.1,1.0E-5,0.0052595926,11,0.52,0.26765555,0.25687137,52
1_334_0,2023-01-15,9643,0.5,0.05891792,0.036196105,5,0.25,0.2140748,0.2725772,25
1_339_0,2023-01-15,5203,0.30000000000000004,1.0E-5,0.0036979967,3,0.19,0.35727093,0.38733837,19
1_343_0,2023-01-15,5265,0.8,1.0E-5,0.042389415,8,0.33,0.25139138,0.123240024,33
1_350_0,2023-01-15,3179,0.7000000000000001,0.030583581,0.02038824,7,0.38,0.2869879,0.1813928,38
1_357_0,2023-01-15,7753,1.0,0.03608399,0.029804625,10,0.51,0.35008404,0.29300585,51
1_358_0,2023-01-15,9745,0.8,0.017887821,0.03540164,8,0.39,0.4603843,0.47283003,39
1_373_0,2023-01-15,2431,0.9,0.2612291,0.15779233,9,0.42,0.42248154,0.4274126,42
1_396_0,2023-01-15,9182,0.7000000000000001,1.0E-5,0.039260894,7,0.38,0.25402024,0.20771454,38
1_418_0,2023-01-15,3744,0.6000000000000001,1.0E-5,1.0092587E-5,6,0.34,0.39874464,0.34933114,34
1_422_0,2023-01-15,7245,1.2000000000000002,0.13784173,0.10783372,12,0.5700000000000001,0.34282273,0.34458163,57
1_424_0,2023-01-15,1763,0.7000000000000001,0.021945877,0.033361435,7,0.34,0.40866238,0.37402955,34
1_430_0,2023-01-15,7487,0.5,1.0E-5,0.010832473,5,0.27,0.25436977,0.17788197,27
1_441_0,2023-01-15,7215,0.5,0.03146471,0.072733946,5,0.28,0.31909567,0.2249171,28
1_447_0,2023-01-15,3281,0.5,1.0E-5,0.038957205,5,0.25,0.24054924,0.32437697,25
1_449_0,2023-01-15,8225,0.7000000000000001,1.0E-5,1.0E-5,7,0.32,0.40272772,0.46649793,32
1_455_0,2023-01-15,7579,0.7000000000000001,1.0E-5,0.013481306,7,0.38,0.31654957,0.26227197,38
1_464_0,2023-01-15,7130,0.7000000000000001,1.0E-5,0.099164136,7,0.38,0.37746263,0.18528189,38
1_471_0,2023-01-15,544,0.5,0.022943301,0.0074849664,5,0.26,0.27389565,0.17798638,26
1_482_0,2023-01-15,4903,1.1,0.54170734,0.5056906,11,0.47000000000000003,1.2727126,1.3766409,47
1_499_0,2023-01-15,7911,1.4000000000000001,0.17787564,0.17210642,14,0.59,0.4059759,0.42304653,59
2_8_0,2023-01-20,6202,1.1,0.010140874,0.007933995,11,0.46,0.5176968,0.68227607,46
2_11_0,2023-01-20,2812,0.7000000000000001,0.030797556,0.014097448,7,0.35000000000000003,0.40046912,0.45409983,35
2_38_0,2023-01-20,516,0.7000000000000001,0.068822645,0.06270586,7,0.33,0.2152016,0.030682242,33
2_57_0,2023-01-20,7941,0.7000000000000001,0.024137367,0.03872845,7,0.4,0.4312576,0.68218327,40
2_73_0,2023-01-20,3002,0.30000000000000004,1.0E-5,0.007876752,3,0.22,0.21292478,0.31345826,22
2_102_0,2023-01-20,214,0.5,0.007822165,0.0021869366,5,0.22,0.17280142,0.22289021,22
2_106_0,2023-01-20,956,0.7000000000000001,0.07595784,0.03305108,7,0.4,0.28842118,0.4088882,40
2_145_0,2023-01-20,3134,0.8,1.0E-5,0.008017387,8,0.35000000000000003,0.37130862,0.4285545,35
2_153_0,2023-01-20,6697,0.4,1.0E-5,0.011927762,4,0.27,0.37480265,0.5427516,27
2_176_0,2023-01-20,6355,0.7000000000000001,1.0E-5,1.8152031E-4,7,0.34,0.6172264,0.74514383,34
2_213_0,2023-01-20,3880,0.6000000000000001,0.02487278,0.013429455,6,0.3,0.28506774,0.28397134,30
2_229_0,2023-01-20,9953,0.7000000000000001,0.008670024,0.0018502219,7,0.31,0.31831276,0.32191426,31
2_245_0,2023-01-20,1735,1.0,1.0E-5,0.01503105,10,0.4,0.3265796,0.49407288,40
2_247_0,2023-01-20,9664,0.5,1.0E-5,0.0075435643,5,0.28,0.31241253,0.32181558,28
2_258_0,2023-01-20,8960,0.4,0.026129534,0.049739562,4,0.27,0.20537211,0.27534577,27
2_269_0,2023-01-20,3474,1.3,0.12559819,0.15793735,13,0.49,0.25542483,1.0E-5,49
2_274_0,2023-01-20,6093,0.5,1.0E-5,6.9023465E-4,5,0.29,0.4998615,0.6362019,29
2_280_0,2023-01-20,275,0.4,1.0E-5,1.01176975E-5,4,0.21,0.44374928,0.4764149,21
2_284_0,2023-01-20,3432,0.5,0.022822853,0.016403997,5,0.31,0.418819,0.8203134,31
2_307_0,2023-01-20,2058,0.4,1.0E-5,0.010743403,4,0.25,0.36036605,0.5163123,25
2_317_0,2023-01-20,113,0.6000000000000001,0.046213478,0.011182481,6,0.35000000000000003,0.41023824,0.5757683,35
2_319_0,2023-01-20,1989,1.5,1.0E-5,0.004778123,15,0.54,0.27965683,0.29470307,54
2_334_0,2023-01-20,9643,0.6000000000000001,0.015533795,0.032832045,6,0.32,0.20528874,1.0E-5,32
2_339_0,2023-01-20,5203,0.4,1.0E-5,0.0026895306,4,0.19,0.38813984,0.38285938,19
2_343_0,2023-01-20,5265,0.6000000000000001,1.0E-5,0.01607222,6,0.36,0.22196865,0.22212495,36
2_350_0,2023-01-20,3179,1.0,0.032757077,0.022069234,10,0.41000000000000003,0.27709517,0.24549681,41
2_357_0,2023-01-20,7753,0.7000000000000001,0.06423309,0.03247492,7,0.35000000000000003,0.34705734,0.3350516,35
2_358_0,2023-01-20,9745,1.1,0.06409112,0.036246963,11,0.52,0.45863345,0.6009525,52
2_396_0,2023-01-20,9182,0.8,0.011890917,0.018892083,8,0.35000000000000003,0.23580684,1.0E-5,35
2_418_0,2023-01-20,3744,0.7000000000000001,1.0E-5,1.0123467E-5,7,0.33,0.40153962,0.538649,33
2_422_0,2023-01-20,7245,1.4000000000000001,0.17314388,0.11433622,14,0.59,0.3222001,0.39088467,59
2_424_0,2023-01-20,1763,0.5,0.11336342,0.03752662,5,0.26,0.39271587,0.47719637,26
2_430_0,2023-01-20,7487,0.7000000000000001,1.0E-5,0.0043739555,7,0.34,0.2619682,0.31071126,34
2_441_0,2023-01-20,7215,0.30000000000000004,1.0E-5,0.04306564,3,0.18,0.27367052,0.28445017,18
2_447_0,2023-01-20,3281,0.5,0.042675726,0.033518083,5,0.28,0.2455093,0.24410424,28
2_449_0,2023-01-20,8225,0.6000000000000001,1.0E-5,7.227334E-4,6,0.33,0.36011618,0.5213295,33
2_455_0,2023-01-20,7579,0.7000000000000001,1.0E-5,0.016245672,7,0.37,0.308043,0.29567075,37
2_464_0,2023-01-20,7130,1.0,1.0E-5,0.05039924,10,0.4,0.28111595,0.1995637,40
2_471_0,2023-01-20,544,0.5,0.020144746,0.00876008,5,0.25,0.27756616,0.30798405,25
2_499_0,2023-01-20,7911,1.6,0.27402472,0.19203,16,0.64,0.41091022,0.48342782,64
3_2_0,2023-01-25,6139,1.0,0.19933811,0.17126708,10,0.35000000000000003,0.34122935,0.41039786,35
3_8_0,2023-01-25,6202,0.6000000000000001,1.0E-5,0.004836683,6,0.35000000000000003,0.53771967,0.5236488,35
3_11_0,2023-01-25,2812,1.0,5.543906E-4,0.013561971,10,0.42,0.383375,0.38944012,42
3_38_0,2023-01-25,516,0.8,0.09206853,0.07379514,8,0.39,0.21258937,0.3031389,39
3_57_0,2023-01-25,7941,0.6000000000000001,1.0E-5,0.028084742,6,0.31,0.43772012,0.43420985,31
3_73_0,2023-01-25,3002,0.4,1.0E-5,0.0061408347,4,0.21,0.19360997,0.2781988,21
3_82_0,2023-01-25,3426,1.0,1.0E-5,0.0036024456,10,0.42,0.2769583,0.32313266,42
3_102_0,2023-01-25,214,0.5,1.0E-5,0.0030259744,5,0.29,0.16866295,0.16186433,29
3_106_0,2023-01-25,956,0.9,0.03419771,0.030151607,9,0.45,0.28516898,0.29682648,45
3_109_0,2023-01-25,9856,0.8,0.12037533,0.090330124,8,0.34,0.26322815,0.25695094,34
3_145_0,2023-01-25,3134,0.4,1.0E-5,0.004917317,4,0.25,0.3837408,0.34903422,25
3_153_0,2023-01-25,6697,0.8,1.0E-5,0.004739258,8,0.35000000000000003,0.37502247,0.39428648,35
3_171_0,2023-01-25,5774,0.7000000000000001,0.010879911,0.009578475,7,0.35000000000000003,0.18436354,0.19275431,35
3_176_0,2023-01-25,6355,0.5,1.0E-5,9.8400946E-5,5,0.29,0.6291472,0.593118,29
3_213_0,2023-01-25,3880,0.7000000000000001,0.014147612,0.014239919,7,0.32,0.2755421,0.26285553,32
3_229_0,2023-01-25,9953,0.7000000000000001,1.0E-5,0.0028027743,7,0.33,0.30935082,0.3108892,33
3_245_0,2023-01-25,1735,1.0,1.0E-5,0.010392938,10,0.49,0.32247144,0.38941488,49
3_247_0,2023-01-25,9664,0.5,1.0E-5,0.0037534907,5,0.26,0.31495416,0.24477836,26
3_258_0,2023-01-25,8960,0.8,0.07010422,0.049284443,8,0.37,0.1884624,0.22610424,37
3_269_0,2023-01-25,3474,1.2000000000000002,0.16866624,0.13317858,12,0.48,0.24083994,0.31759295,48
3_274_0,2023-01-25,6093,0.6000000000000001,1.0E-5,9.0867124E-4,6,0.32,0.5026607,0.49090207,32
3_280_0,2023-01-25,275,0.30000000000000004,1.0E-5,9.990965E-6,3,0.2,0.4444736,0.421527,20
3_284_0,2023-01-25,3432,0.5,1.0E-5,0.015216948,5,0.3,0.38766637,0.34196866,30
3_307_0,2023-01-25,2058,0.4,1.0E-5,0.011222862,4,0.2,0.3572055,0.34794945,20
3_317_0,2023-01-25,113,0.6000000000000001,1.0E-5,0.010245407,6,0.35000000000000003,0.43240532,0.4391036,35
3_319_0,2023-01-25,1989,0.9,1.0E-5,0.004499952,9,0.36,0.27851108,0.27206784,36
3_334_0,2023-01-25,9643,0.5,0.0877944,0.028253552,5,0.29,0.19731253,0.25536662,29
3_339_0,2023-01-25,5203,0.30000000000000004,1.0E-5,0.005007487,3,0.17,0.41703358,0.42239594,17
3_343_0,2023-01-25,5265,1.0,1.0E-5,0.0040393653,10,0.42,0.21504521,0.16031799,42
3_350_0,2023-01-25,3179,0.6000000000000001,0.02439371,0.023730041,6,0.31,0.26762778,0.22715724,31
3_357_0,2023-01-25,7753,1.0,0.03856278,0.032827187,10,0.42,0.32862863,0.28573814,42
3_358_0,2023-01-25,9745,0.7000000000000001,0.04005321,0.03566362,7,0.4,0.4479592,0.39165026,40
3_373_0,2023-01-25,2431,0.7000000000000001,1.0E-5,0.09147727,7,0.35000000000000003,0.33222532,0.3088201,35
3_396_0,2023-01-25,9182,0.7000000000000001,1.0E-5,0.006738377,7,0.33,0.24117336,0.27660993,33
3_418_0,2023-01-25,3744,0.6000000000000001,1.0E-5,1.0071883E-5,6,0.35000000000000003,0.39468586,0.42313445,35
3_422_0,2023-01-25,7245,1.0,0.109262615,0.11704648,10,0.49,0.29810318,0.23545052,49
3_424_0,2023-01-25,1763,0.6000000000000001,0.04707781,0.04034942,6,0.3,0.36555097,0.36812273,30
3_430_0,2023-01-25,7487,0.4,1.0E-5,0.0033146597,4,0.21,0.26927283,0.2754697,21
3_441_0,2023-01-25,7215,0.6000000000000001,0.007836108,0.018435484,6,0.29,0.22745842,0.2272138,29
3_447_0,2023-01-25,3281,0.5,0.028928742,0.031324644,5,0.29,0.23411292,0.17361066,29
3_449_0,2023-01-25,8225,0.5,1.0E-5,0.0015090032,5,0.29,0.312016,0.2383848,29
3_455_0,2023-01-25,7579,0.7000000000000001,0.01935781,0.0184967,7,0.38,0.2992558,0.26406273,38
3_464_0,2023-01-25,7130,0.5,1.0E-5,0.017862387,5,0.28,0.26331446,0.27228257,28
3_471_0,2023-01-25,544,0.30000000000000004,0.0056442083,0.010159179,3,0.22,0.2772208,0.29170588,22
3_482_0,2023-01-25,4903,1.9000000000000001,0.61343217,0.5755904,19,0.61,1.5781347,1.8127173,61
3_499_0,2023-01-25,7911,0.9,0.20770122,0.20208888,9,0.41000000000000003,0.3936793,0.4135937,41
4_2_0,2023-01-30,6139,1.9000000000000001,0.13641243,0.14654645,19,0.58,0.30362296,0.3494432,58
4_8_0,2023-01-30,6202,0.7000000000000001,1.0E-5,0.0026345048,7,0.35000000000000003,0.5484545,0.5376772,35
4_11_0,2023-01-30,2812,1.1,1.0E-5,0.011848648,11,0.53,0.3649417,0.4406526,53
4_38_0,2023-01-30,516,0.7000000000000001,0.11022064,0.08334376,7,0.34,0.21825102,0.28198287,34
4_57_0,2023-01-30,7941,0.7000000000000001,1.0E-5,0.019177694,7,0.4,0.44664395,0.3778386,40
4_73_0,2023-01-30,3002,0.30000000000000004,0.01454111,0.007441928,3,0.22,0.17621411,0.102766775,22
4_82_0,2023-01-30,3426,0.7000000000000001,1.0E-5,0.005998199,7,0.39,0.27965057,0.33241713,39
4_102_0,2023-01-30,214,0.30000000000000004,1.0E-5,0.0036566851,3,0.22,0.16412629,0.1631959,22
4_106_0,2023-01-30,956,1.0,0.044687007,0.025931427,10,0.44,0.27196896,0.31398255,44
4_109_0,2023-01-30,9856,1.1,0.11350571,0.092698716,11,0.53,0.25748295,0.27230716,53
4_145_0,2023-01-30,3134,0.4,1.0E-5,0.0017186701,4,0.26,0.40279222,0.40410098,26
4_153_0,2023-01-30,6697,0.5,1.0E-5,0.005273601,5,0.3,0.36863446,0.408085,30
4_171_0,2023-01-30,5774,0.5,0.0075014196,0.008367668,5,0.25,0.17596391,0.16970953,25
4_176_0,2023-01-30,6355,0.7000000000000001,1.0E-5,1.6300519E-5,7,0.3,0.6500386,0.5724352,30
4_213_0,2023-01-30,3880,0.7000000000000001,0.010961574,0.013827188,7,0.34,0.2752917,0.26719037,34
4_229_0,2023-01-30,9953,0.6000000000000001,1.0E-5,0.0035185858,6,0.34,0.3083734,0.3347084,34
4_245_0,2023-01-30,1735,1.0,1.0E-5,0.01054535,10,0.4,0.30334142,0.39481592,40
4_247_0,2023-01-30,9664,0.6000000000000001,1.0E-5,0.0024001962,6,0.34,0.32690975,0.33702564,34
4_258_0,2023-01-30,8960,0.8,0.03441608,0.049529478,8,0.39,0.17344542,0.22042885,39
4_269_0,2023-01-30,3474,0.9,0.12774087,0.110905945,9,0.48,0.2494313,0.2970179,48
4_274_0,2023-01-30,6093,0.6000000000000001,1.0E-5,0.0012330562,6,0.34,0.50441813,0.43827423,34
4_280_0,2023-01-30,275,0.30000000000000004,1.0E-5,9.989718E-6,3,0.22,0.45964682,0.4666168,22
4_284_0,2023-01-30,3432,1.1,1.0E-5,0.01284466,11,0.43,0.35987875,0.32300055,43
4_307_0,2023-01-30,2058,0.6000000000000001,1.0E-5,0.011079102,6,0.35000000000000003,0.35633093,0.3707365,35
4_317_0,2023-01-30,113,0.7000000000000001,1.0E-5,0.009243534,7,0.38,0.46894756,0.4611015,38
4_319_0,2023-01-30,1989,1.2000000000000002,1.0E-5,0.003983359,12,0.46,0.27147138,0.31101134,46
4_334_0,2023-01-30,9643,0.5,1.0E-5,0.023105089,5,0.28,0.19499177,0.15078188,28
4_339_0,2023-01-30,5203,0.4,1.0E-5,0.0071057905,4,0.26,0.4425639,0.45328727,26
4_343_0,2023-01-30,5265,0.8,1.0E-5,0.0019885977,8,0.34,0.22766308,0.18164879,34
4_350_0,2023-01-30,3179,0.9,0.01846624,0.024334816,9,0.38,0.27145582,0.26035804,38
4_357_0,2023-01-30,7753,1.1,0.03680181,0.03077457,11,0.53,0.31464526,0.338239,53
4_358_0,2023-01-30,9745,0.8,0.032053098,0.03802651,8,0.44,0.43184903,0.45719028,44
4_373_0,2023-01-30,2431,0.5,1.0E-5,0.05807998,5,0.29,0.2906622,0.33503997,29
4_396_0,2023-01-30,9182,0.7000000000000001,1.0E-5,0.0052101216,7,0.4,0.26556352,0.32373357,40
4_418_0,2023-01-30,3744,1.0,1.0E-5,1.0056179E-5,10,0.49,0.38175994,0.52277964,49
4_422_0,2023-01-30,7245,0.9,0.10492512,0.115558304,9,0.47000000000000003,0.2744696,0.2513561,47
4_424_0,2023-01-30,1763,0.7000000000000001,0.016170483,0.04112586,7,0.4,0.34553918,0.3387736,40
4_430_0,2023-01-30,7487,0.5,1.0E-5,0.0042574895,5,0.28,0.2781112,0.25807264,28
4_441_0,2023-01-30,7215,0.5,1.0E-5,0.008927975,5,0.26,0.19499838,0.23481083,26
4_447_0,2023-01-30,3281,0.7000000000000001,0.028945204,0.03306405,7,0.34,0.2239087,0.2023232,34
4_449_0,2023-01-30,8225,0.5,1.0E-5,0.0020500831,5,0.27,0.27045587,0.16795099,27
4_455_0,2023-01-30,7579,0.6000000000000001,0.027292619,0.018984413,6,0.33,0.29334998,0.29960495,33
4_464_0,2023-01-30,7130,0.7000000000000001,1.0E-5,0.0076148803,7,0.3,0.30380476,0.30603427,30
4_471_0,2023-01-30,544,0.5,1.0E-5,0.010796062,5,0.28,0.28089532,0.31163737,28
4_482_0,2023-01-30,4903,2.5,0.62537396,0.59067523,25,0.73,1.6518989,1.9397668,73
4_499_0,2023-01-30,7911,1.4000000000000001,0.2453344,0.19752058,14,0.6,0.3724018,0.42478773,60
5_2_0,2023-02-04,6139,1.1,0.10611813,0.123981975,11,0.39,0.2783099,0.25175196,39
5_8_0,2023-02-04,6202,0.6000000000000001,1.0E-5,8.4861164E-4,6,0.3,0.5487848,0.5740144,30
5_11_0,2023-02-04,2812,0.7000000000000001,1.0E-5,0.009921006,7,0.34,0.33909783,0.46794516,34
5_38_0,2023-02-04,516,0.7000000000000001,0.09661657,0.089270905,7,0.32,0.22984469,0.3088391,32
5_57_0,2023-02-04,7941,0.6000000000000001,0.020605776,0.012539453,6,0.27,0.44908762,0.43656102,27
5_73_0,2023-02-04,3002,0.4,0.019360894,0.0087108845,4,0.21,0.16198047,0.1434204,21
5_82_0,2023-02-04,3426,0.5,1.0E-5,0.010122501,5,0.29,0.27293316,0.3455497,29
5_102_0,2023-02-04,214,0.30000000000000004,0.0031089692,0.0041539306,3,0.14,0.16380772,0.14726725,14
5_106_0,2023-02-04,956,0.5,1.0E-5,0.020561783,5,0.29,0.25026858,0.19468084,29
5_109_0,2023-02-04,9856,0.5,0.10525888,0.092096366,5,0.24,0.2538944,0.26342043,24
5_145_0,2023-02-04,3134,0.5,1.0E-5,1.0E-5,5,0.23,0.42204642,0.4179812,23
5_153_0,2023-02-04,6697,0.5,1.0E-5,0.0077468655,5,0.26,0.35412025,0.46639708,26
5_171_0,2023-02-04,5774,0.30000000000000004,0.0078031057,0.0067807734,3,0.22,0.17019495,0.2097902,22
5_176_0,2023-02-04,6355,0.7000000000000001,1.0E-5,1.0073411E-5,7,0.4,0.6783954,0.6211985,40
5_213_0,2023-02-04,3880,0.5,0.020134035,0.012523751,5,0.26,0.27886298,0.26963145,26
5_229_0,2023-02-04,9953,0.5,1.0E-5,0.0040183957,5,0.28,0.31220183,0.3570811,28
5_245_0,2023-02-04,1735,0.7000000000000001,0.026774008,0.013983191,7,0.31,0.27998155,0.15676014,31
5_247_0,2023-02-04,9664,0.30000000000000004,1.0E-5,0.0028303901,3,0.18,0.345293,0.4626698,18
5_258_0,2023-02-04,8960,0.5,0.061843514,0.050756622,5,0.25,0.15803419,0.05457952,25
5_269_0,2023-02-04,3474,0.9,0.11322928,0.094104804,9,0.45,0.27150398,0.2694396,45
5_274_0,2023-02-04,6093,0.7000000000000001,1.0E-5,0.0015147196,7,0.35000000000000003,0.49951497,0.43873012,35
5_280_0,2023-02-04,275,0.30000000000000004,1.0E-5,1.0086856E-5,3,0.17,0.4774415,0.47583997,17
5_284_0,2023-02-04,3432,0.7000000000000001,0.040880594,0.010300458,7,0.4,0.32414463,1.0E-5,40
5_307_0,2023-02-04,2058,0.5,0.040247034,0.012762421,5,0.23,0.3591808,0.30295712,23
5_317_0,2023-02-04,113,0.7000000000000001,0.009732278,0.0073971343,7,0.32,0.50464004,0.5304554,32
5_319_0,2023-02-04,1989,0.6000000000000001,1.0E-5,0.0032559605,6,0.25,0.2565746,0.33412963,25
5_334_0,2023-02-04,9643,0.30000000000000004,1.0E-5,0.017954396,3,0.22,0.18825929,0.27571556,22
5_339_0,2023-02-04,5203,0.2,1.0E-5,0.009633592,2,0.15,0.46459103,0.46435118,15
5_343_0,2023-02-04,5265,0.5,1.0E-5,0.0023917544,5,0.23,0.24468541,0.2619053,23
5_350_0,2023-02-04,3179,0.7000000000000001,0.026262457,0.023458932,7,0.3,0.2933525,0.33194172,30
5_357_0,2023-02-04,7753,0.7000000000000001,0.020430615,0.026395291,7,0.34,0.3078756,0.39233044,34
5_358_0,2023-02-04,9745,1.0,0.047987312,0.038987722,10,0.44,0.41491225,0.4798575,44
5_373_0,2023-02-04,2431,0.30000000000000004,1.0E-5,0.039628938,3,0.18,0.27330425,0.35253966,18
5_396_0,2023-02-04,9182,0.30000000000000004,0.015543419,0.0063579082,3,0.16,0.29184467,0.35134235,16
5_418_0,2023-02-04,3744,0.30000000000000004,1.0E-5,1.0086856E-5,3,0.15,0.36504146,1.0E-5,15
5_422_0,2023-02-04,7245,0.9,0.10825941,0.108617395,9,0.45,0.25670734,0.23536982,45
5_424_0,2023-02-04,1763,0.5,0.020108385,0.040195487,5,0.23,0.32453278,0.37697148,23
5_430_0,2023-02-04,7487,0.5,0.0091260765,0.0049481634,5,0.25,0.2837515,0.32451755,25
5_441_0,2023-02-04,7215,0.30000000000000004,1.0E-5,0.009306382,3,0.22,0.16565908,0.17047471,22
5_447_0,2023-02-04,3281,0.5,0.028819557,0.034779873,5,0.24,0.2288693,0.2401038,24
5_449_0,2023-02-04,8225,0.5,1.0E-5,0.0025198369,5,0.31,0.23201355,0.18586251,31
5_455_0,2023-02-04,7579,0.7000000000000001,0.031970948,0.019227434,7,0.4,0.298416,0.3049849,40
5_464_0,2023-02-04,7130,0.5,6.5614696E-4,0.0055313087,5,0.25,0.3456473,0.3727977,25
5_471_0,2023-02-04,544,0.30000000000000004,0.0066548907,0.010678472,3,0.17,0.2883153,0.34695134,17
5_482_0,2023-02-04,4903,1.8,0.6009697,0.5906647,18,0.59,1.6623789,1.6732067,59
5_499_0,2023-02-04,7911,0.7000000000000001,0.181022,0.18190742,7,0.4,0.34797874,0.3760064,40
6_2_0,2023-02-09,6139,0.9,0.059441805,0.101604916,9,0.36,0.25321105,0.29515335,36
6_38_0,2023-02-09,516,0.6000000000000001,0.10228497,0.0919732,6,0.3,0.23454246,0.29976267,30
6_57_0,2023-02-09,7941,0.7000000000000001,0.044696636,0.013138039,7,0.32,0.43981197,0.41041252,32
6_73_0,2023-02-09,3002,0.5,0.01689041,0.009573479,5,0.25,0.14654216,0.1558526,25
6_82_0,2023-02-09,3426,0.6000000000000001,1.0E-5,0.0146300765,6,0.28,0.24747126,0.37204435,28
6_106_0,2023-02-09,956,0.5,1.0E-5,0.014720315,5,0.26,0.22292832,0.21425137,26
6_145_0,2023-02-09,3134,0.5,1.0E-5,1.0015411E-5,5,0.23,0.44435504,0.5007814,23
6_153_0,2023-02-09,6697,0.4,0.029109532,0.0100799585,4,0.23,0.32892498,0.19929409,23
6_171_0,2023-02-09,5774,0.30000000000000004,1.0E-5,0.0046397876,3,0.17,0.18008046,0.13625248,17
6_176_0,2023-02-09,6355,0.5,1.0E-5,1.0015411E-5,5,0.23,0.664789,0.6969432,23
6_213_0,2023-02-09,3880,0.7000000000000001,0.009664357,0.009999498,7,0.35000000000000003,0.29651046,0.31164587,35
6_229_0,2023-02-09,9953,0.4,0.0035949973,0.004345681,4,0.23,0.33298287,0.3594228,23
6_245_0,2023-02-09,1735,0.6000000000000001,0.034084756,0.016912658,6,0.29,0.25069433,0.18612643,29
6_247_0,2023-02-09,9664,0.5,0.020034222,0.0030993312,5,0.25,0.3666043,0.5147203,25
6_258_0,2023-02-09,8960,0.4,0.06031646,0.050978296,4,0.21,0.14046802,0.10385492,21
6_269_0,2023-02-09,3474,0.8,0.0470385,0.07471631,8,0.38,0.28578728,0.32407278,38
6_274_0,2023-02-09,6093,0.5,0.009199074,0.0016924528,5,0.25,0.48682293,0.54639155,25
6_280_0,2023-02-09,275,0.30000000000000004,1.0E-5,1.0015411E-5,3,0.2,0.4861681,0.4843557,20
6_307_0,2023-02-09,2058,0.5,0.035232555,0.013510994,5,0.24,0.35758415,0.5188479,24
6_319_0,2023-02-09,1989,0.5,0.011090057,0.0038163904,5,0.24,0.23438369,0.344067,24
6_334_0,2023-02-09,9643,0.4,1.0E-5,0.011151942,4,0.21,0.18979703,0.20715104,21
6_339_0,2023-02-09,5203,0.4,1.0E-5,0.012106335,4,0.23,0.47776264,0.49178952,23
6_343_0,2023-02-09,5265,0.5,0.014585142,0.0026785939,5,0.24,0.2702827,0.33313167,24
6_350_0,2023-02-09,3179,0.5,0.023645123,0.021800026,5,0.25,0.31122765,0.3095894,25
6_357_0,2023-02-09,7753,0.6000000000000001,0.011566671,0.02066677,6,0.3,0.2955236,0.42767003,30
6_358_0,2023-02-09,9745,0.5,0.01638623,0.03948156,5,0.25,0.39280736,0.19860344,25
6_373_0,2023-02-09,2431,0.5,0.070745274,0.023461146,5,0.25,0.25495747,1.0E-5,25
6_396_0,2023-02-09,9182,0.5,1.0E-5,0.00744434,5,0.27,0.3231072,0.31179795,27
6_418_0,2023-02-09,3744,0.6000000000000001,1.0E-5,1.0015411E-5,6,0.27,0.34175253,0.5219062,27
6_422_0,2023-02-09,7245,1.3,0.102216564,0.098292835,13,0.52,0.2364096,0.24962892,52
6_430_0,2023-02-09,7487,0.5,0.020879714,0.005361095,5,0.23,0.28843263,0.28442,23
6_447_0,2023-02-09,3281,0.6000000000000001,0.04142135,0.03479474,6,0.3,0.23573652,0.26170275,30
6_449_0,2023-02-09,8225,0.5,0.015337514,0.0028163465,5,0.23,0.19504055,0.15969388,23
6_455_0,2023-02-09,7579,0.6000000000000001,0.042011436,0.018912794,6,0.32,0.29867268,0.32608697,32
6_464_0,2023-02-09,7130,0.4,0.030719575,0.007123556,4,0.23,0.37275532,0.42584285,23
6_471_0,2023-02-09,544,0.5,0.012238324,0.009927744,5,0.22,0.3053458,0.34835032,22
6_482_0,2023-02-09,4903,2.2,0.6736847,0.57749814,22,0.6900000000000001,1.601722,1.8503056,69
6_499_0,2023-02-09,7911,1.2000000000000002,0.1911762,0.16005659,12,0.5,0.31730914,0.36491016,50
7_2_0,2023-02-14,6139,1.3,0.11306107,0.078824,13,0.44,0.22610652,1.0E-5,44
7_11_0,2023-02-14,2812,0.8,0.03625268,0.008155081,8,0.36,0.27131093,1.0E-5,36
7_38_0,2023-02-14,516,0.7000000000000001,0.109005086,0.091333374,7,0.34,0.23229289,1.0E-5,34
7_73_0,2023-02-14,3002,0.30000000000000004,1.0E-5,0.009984074,3,0.19,0.13139358,1.0E-5,19
7_82_0,2023-02-14,3426,0.7000000000000001,0.04566827,0.019132065,7,0.32,0.21373606,1.0E-5,32
7_102_0,2023-02-14,214,0.30000000000000004,0.017513545,0.004689382,3,0.19,0.15317799,0.17627548,19
7_229_0,2023-02-14,9953,0.5,0.021503009,0.0045075524,5,0.25,0.3376711,0.22121306,25
7_247_0,2023-02-14,9664,0.5,1.0E-5,0.0031384446,5,0.24,0.37852865,1.0E-5,24
7_307_0,2023-02-14,2058,0.5,0.014779574,0.013266934,5,0.24,0.35205296,1.0E-5,24
7_319_0,2023-02-14,1989,0.6000000000000001,0.013789011,0.0041599567,6,0.27,0.20604703,1.0E-5,27
7_339_0,2023-02-14,5203,0.4,0.07949485,0.013963729,4,0.22,0.48041436,0.49516928,22
7_357_0,2023-02-14,7753,0.8,0.011650428,0.014946616,8,0.36,0.27696243,1.0E-5,36
7_424_0,2023-02-14,1763,0.30000000000000004,0.05185529,0.03283274,3,0.18,0.28181663,1.0E-5,18
7_447_0,2023-02-14,3281,0.4,0.10112996,0.03309144,4,0.2,0.24385218,0.021333544,20
7_471_0,2023-02-14,544,0.5,0.030989561,0.008556269,5,0.26,0.29673016,0.15045105,26
7_499_0,2023-02-14,7911,0.7000000000000001,0.1459596,0.13260686,7,0.32,0.28190953,1.0E-5,32
8_2_0,2023-02-19,6139,0.8,0.046343837,0.061002545,8,0.28,0.20136076,0.23625255,28
8_8_0,2023-02-19,6202,0.5,1.0E-5,0.0013713707,5,0.29,0.54719186,0.5194332,29
8_11_0,2023-02-19,2812,0.8,1.0E-5,0.00703335,8,0.39,0.268156,0.2785204,39
8_38_0,2023-02-19,516,0.7000000000000001,0.07771542,0.10844569,7,0.35000000000000003,0.2439335,0.30152157,35
8_57_0,2023-02-19,7941,0.6000000000000001,1.0E-5,0.025918934,6,0.25,0.4203896,0.44969973,25
8_73_0,2023-02-19,3002,0.5,0.006699346,0.00980241,5,0.25,0.115182914,0.16699502,25
8_82_0,2023-02-19,3426,0.6000000000000001,0.031752802,0.02025215,6,0.27,0.23308758,0.16344029,27
8_102_0,2023-02-19,214,0.30000000000000004,1.0E-5,0.004314808,3,0.22,0.1510815,0.13815172,22
8_106_0,2023-02-19,956,0.6000000000000001,1.0E-5,0.0030699817,6,0.35000000000000003,0.1726757,0.14742962,35
8_109_0,2023-02-19,9856,1.0,0.072160065,0.06803678,10,0.43,0.2598544,0.24054396,43
8_145_0,2023-02-19,3134,0.30000000000000004,1.0E-5,9.979293E-6,3,0.17,0.4488862,0.475134,17
8_153_0,2023-02-19,6697,0.5,0.013348673,0.013743521,5,0.24,0.24916257,0.22690532,24
8_171_0,2023-02-19,5774,0.30000000000000004,1.0E-5,0.0018007514,3,0.18,0.18215333,0.19318587,18
8_176_0,2023-02-19,6355,0.5,1.0E-5,9.462026E-6,5,0.28,0.6505989,0.6685501,28
8_213_0,2023-02-19,3880,0.5,1.0E-5,0.004683512,5,0.25,0.2968338,0.32258457,25
8_229_0,2023-02-19,9953,0.6000000000000001,1.0E-5,0.004376079,6,0.28,0.32456952,0.39877254,28
8_245_0,2023-02-19,1735,0.8,0.019093404,0.018610284,8,0.39,0.21384354,0.18497649,39
8_247_0,2023-02-19,9664,0.4,1.0E-5,0.0029184213,4,0.21,0.40954643,0.49447545,21
8_258_0,2023-02-19,8960,0.5,0.04321494,0.04510906,5,0.24,0.122295804,0.15144184,24
8_269_0,2023-02-19,3474,1.4000000000000001,6.982764E-4,0.048852436,14,0.52,0.3059242,0.34463596,52
8_274_0,2023-02-19,6093,0.5,1.0E-5,0.0058234087,5,0.29,0.49565998,0.47405437,29
8_280_0,2023-02-19,275,0.30000000000000004,1.0E-5,9.462026E-6,3,0.17,0.47521338,0.5375669,17
8_284_0,2023-02-19,3432,0.5,1.0E-5,0.020795422,5,0.31,0.22777884,0.26610586,31
8_307_0,2023-02-19,2058,0.6000000000000001,1.0E-5,0.013208478,6,0.26,0.37777016,0.46425235,26
8_317_0,2023-02-19,113,0.6000000000000001,1.0E-5,0.0040395064,6,0.25,0.5578353,0.57113963,25
8_319_0,2023-02-19,1989,0.5,1.0E-5,0.0040562674,5,0.27,0.1976352,0.17504081,27
8_334_0,2023-02-19,9643,0.5,1.0E-5,0.0012134667,5,0.29,0.1784866,0.15956964,29
8_339_0,2023-02-19,5203,0.5,1.0E-5,0.014067659,5,0.23,0.46333274,0.5166228,23
8_343_0,2023-02-19,5265,0.8,1.0E-5,0.0026090369,8,0.38,0.31184003,0.3134506,38
8_350_0,2023-02-19,3179,0.6000000000000001,0.01330201,0.02165939,6,0.29,0.3410171,0.36901602,29
8_357_0,2023-02-19,7753,0.8,1.0E-5,0.013967085,8,0.39,0.29930568,0.30720282,39
8_358_0,2023-02-19,9745,0.9,0.040684517,0.04814053,9,0.4,0.33997467,0.3997977,40
8_373_0,2023-02-19,2431,0.5,1.0E-5,0.030185908,5,0.28,0.25274065,0.28785577,28
8_396_0,2023-02-19,9182,0.7000000000000001,0.007243125,0.009053525,7,0.3,0.38835052,0.39104572,30
8_418_0,2023-02-19,3744,0.5,1.0E-5,9.979293E-6,5,0.23,0.3169457,0.28821945,23
8_422_0,2023-02-19,7245,0.6000000000000001,0.07745183,0.07539552,6,0.29,0.19424574,0.20383683,29
8_424_0,2023-02-19,1763,0.9,0.023931788,0.032529946,9,0.32,0.2886258,0.3872546,32
8_430_0,2023-02-19,7487,0.4,1.0E-5,0.004940374,4,0.18,0.30144867,0.2889971,18
8_441_0,2023-02-19,7215,0.30000000000000004,0.023539582,0.01178001,3,0.22,0.086174496,0.0060701715,22
8_447_0,2023-02-19,3281,0.5,1.0E-5,0.028625311,5,0.28,0.25802463,0.36941022,28
8_449_0,2023-02-19,8225,0.5,1.0E-5,0.0027432006,5,0.29,0.18515505,0.16141067,29
8_455_0,2023-02-19,7579,0.5,1.0E-5,0.01450167,5,0.29,0.28805724,0.29172564,29
8_464_0,2023-02-19,7130,0.6000000000000001,1.0E-5,0.0099303555,6,0.29,0.4303114,0.43076286,29
8_471_0,2023-02-19,544,0.30000000000000004,1.0E-5,0.007795166,3,0.2,0.2967694,0.34794798,20
8_482_0,2023-02-19,4903,1.4000000000000001,0.49454707,0.4920623,14,0.49,1.3104333,1.2783474,49
8_499_0,2023-02-19,7911,1.2000000000000002,0.057399273,0.103379704,12,0.48,0.2766617,0.2763384,48
9_2_0,2023-02-24,6139,1.3,0.020633126,0.050512414,13,0.45,0.21844734,0.27630064,45
9_8_0,2023-02-24,6202,0.8,1.0E-5,0.0017340608,8,0.33,0.56816995,0.5199252,33
9_11_0,2023-02-24,2812,1.1,1.0E-5,0.006934568,11,0.46,0.27893272,0.2621011,46
9_38_0,2023-02-24,516,0.8,0.06967407,0.11331645,8,0.39,0.2349134,0.26468432,39
9_57_0,2023-02-24,7941,0.7000000000000001,1.0E-5,0.03845398,7,0.31,0.4312261,0.44901124,31
9_73_0,2023-02-24,3002,0.4,0.012275055,0.008231378,4,0.21,0.122336835,0.17178516,21
9_82_0,2023-02-24,3426,1.0,0.028689196,0.020499222,10,0.39,0.26288217,0.17525652,39
9_102_0,2023-02-24,214,0.30000000000000004,0.0019329436,0.0041123945,3,0.19,0.15379354,0.14456423,19
9_106_0,2023-02-24,956,0.6000000000000001,1.0E-5,0.0012251548,6,0.29,0.16922368,0.14160188,29
9_109_0,2023-02-24,9856,1.1,0.04487477,0.055310328,11,0.48,0.2783789,0.21059777,48
9_145_0,2023-02-24,3134,0.5,1.0E-5,1.0108733E-5,5,0.23,0.46879956,0.4872056,23
9_153_0,2023-02-24,6697,0.5,0.0159011,0.012739198,5,0.24,0.31262064,0.2510508,24
9_171_0,2023-02-24,5774,0.5,1.0E-5,8.977908E-4,5,0.24,0.19410887,0.18508238,24
9_176_0,2023-02-24,6355,0.5,1.0E-5,9.907876E-6,5,0.28,0.67854947,0.7784334,28
9_213_0,2023-02-24,3880,0.5,1.0E-5,0.0035082232,5,0.23,0.31253728,0.34159568,23
9_229_0,2023-02-24,9953,0.5,1.0E-5,0.004282147,5,0.29,0.3159114,0.37201706,29
9_245_0,2023-02-24,1735,0.5,0.018719891,0.017260378,5,0.24,0.25010946,0.19389278,24
9_247_0,2023-02-24,9664,0.5,1.0E-5,0.0024771073,5,0.23,0.44547555,0.5419267,23
9_258_0,2023-02-24,8960,0.5,0.04888583,0.03847538,5,0.24,0.15513474,0.0862811,24
9_269_0,2023-02-24,3474,1.1,0.0074990233,0.045309786,11,0.46,0.3045967,0.2585577,46
9_274_0,2023-02-24,6093,0.5,1.0E-5,0.008949846,5,0.25,0.52387226,0.46850714,25
9_280_0,2023-02-24,275,0.5,1.0E-5,0.0044068303,5,0.25,0.5024253,0.5119622,25
9_284_0,2023-02-24,3432,0.8,1.0E-5,0.039293975,8,0.39,0.2526989,0.26677078,39
9_307_0,2023-02-24,2058,0.5,1.0E-5,0.0112651205,5,0.23,0.42824078,0.48444137,23
9_317_0,2023-02-24,113,0.7000000000000001,1.0E-5,0.006411072,7,0.33,0.5845894,0.59651846,33
9_319_0,2023-02-24,1989,0.9,1.0E-5,0.0036944002,9,0.45,0.19954212,0.1754924,45
9_334_0,2023-02-24,9643,0.5,1.0E-5,1.0E-5,5,0.24,0.18961611,0.15774445,24
9_339_0,2023-02-24,5203,0.5,1.0E-5,0.013388651,5,0.25,0.43712834,0.51161045,25
9_343_0,2023-02-24,5265,0.7000000000000001,1.0E-5,0.0022678652,7,0.31,0.33744553,0.33707845,31
9_350_0,2023-02-24,3179,0.4,0.019997237,0.022308959,4,0.21,0.362464,0.3598401,21
9_357_0,2023-02-24,7753,1.1,0.011833172,0.014611428,11,0.46,0.32776964,0.29811603,46
9_358_0,2023-02-24,9745,0.5,0.055133935,0.049855486,5,0.25,0.34868416,0.3900723,25
9_373_0,2023-02-24,2431,0.4,1.0E-5,0.05059191,4,0.22,0.26378596,0.28770694,22
9_396_0,2023-02-24,9182,0.7000000000000001,0.018630316,0.009550641,7,0.31,0.4129924,0.38103536,31
9_418_0,2023-02-24,3744,0.7000000000000001,1.0E-5,1.0108733E-5,7,0.35000000000000003,0.32788548,0.26709658,35
9_422_0,2023-02-24,7245,0.8,0.056808714,0.098116174,8,0.31,0.22671609,0.18096502,31
9_424_0,2023-02-24,1763,0.4,0.027760323,0.038957927,4,0.22,0.30879694,0.3418156,22
9_430_0,2023-02-24,7487,0.30000000000000004,1.0E-5,0.0041400907,3,0.16,0.31927824,0.28396672,16
9_441_0,2023-02-24,7215,0.30000000000000004,0.018038066,0.011607589,3,0.21,0.08864044,1.0E-5,21
9_447_0,2023-02-24,3281,0.30000000000000004,1.0E-5,0.024533013,3,0.15,0.28817523,0.40457103,15
9_449_0,2023-02-24,8225,0.7000000000000001,1.0E-5,0.002384411,7,0.34,0.22369793,0.15555444,34
9_455_0,2023-02-24,7579,0.6000000000000001,1.0E-5,0.010428491,6,0.29,0.29104444,0.2882082,29
9_464_0,2023-02-24,7130,0.5,0.009094294,0.009784064,5,0.25,0.4594654,0.4441047,25
9_471_0,2023-02-24,544,0.30000000000000004,1.0E-5,0.0072796927,3,0.22,0.29263204,0.31948134,22
9_482_0,2023-02-24,4903,1.0,0.4703268,0.42557347,10,0.43,1.1188186,1.0968513,43
9_499_0,2023-02-24,7911,1.0,0.03291291,0.079454295,10,0.43,0.2851841,0.34813935,43
10_8_0,2023-03-16,6202,0.7000000000000001,0.01140549,0.0085802805,7,0.35000000000000003,0.65289384,0.7608898,35
10_11_0,2023-03-16,2812,0.8,1.0E-5,0.018135045,8,0.39,0.48050314,0.485803,39
10_38_0,2023-03-16,516,0.6000000000000001,0.24868457,0.14401025,6,0.32,0.24647576,0.31887877,32
10_57_0,2023-03-16,7941,0.8,0.1280079,0.078899994,8,0.37,0.42583835,0.42739052,37
10_82_0,2023-03-16,3426,0.8,1.0E-5,0.01671176,8,0.39,0.35531875,0.59847856,39
10_102_0,2023-03-16,214,0.30000000000000004,1.0E-5,7.253701E-4,3,0.18,0.15560138,0.16864389,18
10_106_0,2023-03-16,956,0.7000000000000001,1.0E-5,9.425286E-6,7,0.32,0.16948918,0.16901843,32
10_109_0,2023-03-16,9856,1.3,1.0E-5,0.030860532,13,0.51,0.44223142,0.452591,51
10_145_0,2023-03-16,3134,0.4,1.0E-5,9.425286E-6,4,0.21,0.44352314,0.334817,21
10_171_0,2023-03-16,5774,0.30000000000000004,1.0E-5,0.0059837596,3,0.13,0.27741125,0.21142961,13
10_245_0,2023-03-16,1735,0.5,1.0E-5,0.018884838,5,0.24,0.5162907,0.39312088,24
10_247_0,2023-03-16,9664,0.6000000000000001,1.0E-5,9.867086E-6,6,0.24,0.57043546,0.5741716,24
10_258_0,2023-03-16,8960,0.5,1.0E-5,0.010935016,5,0.24,0.28972957,0.22582419,24
10_269_0,2023-03-16,3474,1.1,0.08852982,0.08544301,11,0.47000000000000003,0.30474332,0.29181576,47
10_274_0,2023-03-16,6093,0.6000000000000001,0.03405166,0.12860574,6,0.22,0.87047017,0.7301864,22
10_284_0,2023-03-16,3432,1.1,0.11172108,0.09621926,11,0.47000000000000003,0.32575062,0.37937826,47
10_307_0,2023-03-16,2058,0.6000000000000001,0.011011566,0.0040386883,6,0.22,0.5785002,0.63338107,22
10_317_0,2023-03-16,113,0.8,0.021469157,0.023716476,8,0.37,0.6455311,0.6738365,37
10_319_0,2023-03-16,1989,0.6000000000000001,1.0E-5,0.018875124,6,0.28,0.3582814,0.2817587,28
10_339_0,2023-03-16,5203,0.2,1.0E-5,0.0020741823,2,0.12,0.22643751,0.17277004,12
10_343_0,2023-03-16,5265,0.8,1.0E-5,0.0038500454,8,0.34,0.4016616,0.40123358,34
10_350_0,2023-03-16,3179,0.5,0.036725506,0.03848337,5,0.24,0.4364053,0.38375518,24
10_357_0,2023-03-16,7753,0.8,0.037169993,0.042681467,8,0.39,0.5393542,0.58347464,39
10_358_0,2023-03-16,9745,0.9,0.11102404,0.056936134,9,0.41000000000000003,0.3909742,0.16809735,41
10_373_0,2023-03-16,2431,0.8,0.14341187,0.15577754,8,0.38,0.34193933,0.35926524,38
10_396_0,2023-03-16,9182,0.5,0.008604783,0.007229928,5,0.25,0.47063023,0.57790375,25
10_418_0,2023-03-16,3744,0.6000000000000001,1.0E-5,9.425286E-6,6,0.24,0.36186174,0.47554135,24
10_424_0,2023-03-16,1763,0.6000000000000001,0.055629607,0.079562776,6,0.32,0.42014638,0.45580816,32
10_430_0,2023-03-16,7487,0.30000000000000004,1.0E-5,9.425286E-6,3,0.16,0.35976234,0.44460213,16
10_441_0,2023-03-16,7215,0.4,1.0E-5,0.018156476,4,0.19,0.15630896,0.24211904,19
10_449_0,2023-03-16,8225,0.6000000000000001,1.0E-5,0.0021734168,6,0.28,0.3707249,0.47533038,28
10_455_0,2023-03-16,7579,0.6000000000000001,1.0E-5,0.018005313,6,0.28,0.32992852,0.21998051,28
10_464_0,2023-03-16,7130,0.4,0.017762609,0.024978254,4,0.19,0.57701683,0.5741596,19
10_471_0,2023-03-16,544,0.30000000000000004,0.0016191249,0.0010250928,3,0.17,0.25602537,0.31179905,17
10_482_0,2023-03-16,4903,0.7000000000000001,0.04885834,0.13841818,7,0.34,0.38048127,0.16982704,34
10_499_0,2023-03-16,7911,0.6000000000000001,1.0E-5,0.011324528,6,0.27,0.35754886,0.40318137,27
11_2_0,2023-03-21,6139,1.1,0.031987723,0.035592426,11,0.4,0.23834786,0.35719562,40
11_8_0,2023-03-21,6202,0.9,1.0E-5,0.01014406,9,0.4,0.6500484,0.61863416,40
11_11_0,2023-03-21,2812,0.9,1.0E-5,0.021924192,9,0.41000000000000003,0.51195925,0.46210378,41
11_38_0,2023-03-21,516,0.4,0.110850215,0.14631923,4,0.23,0.22848992,0.20355918,23
11_57_0,2023-03-21,7941,1.0,0.11492478,0.08692567,10,0.44,0.40992922,0.36788484,44
11_73_0,2023-03-21,3002,0.2,1.0E-5,0.0024374009,2,0.14,0.123684555,0.13885206,14
11_82_0,2023-03-21,3426,0.7000000000000001,1.0E-5,0.014827531,7,0.31,0.3480268,0.6055298,31
11_102_0,2023-03-21,214,0.5,1.0E-5,1.6205927E-4,5,0.22,0.15062974,0.1587537,22
11_106_0,2023-03-21,956,1.0,1.0E-5,8.976918E-6,10,0.44,0.16680315,0.2149941,44
11_109_0,2023-03-21,9856,1.0,1.0E-5,0.028387608,10,0.35000000000000003,0.47290945,0.40990305,35
11_145_0,2023-03-21,3134,0.5,1.0E-5,8.976918E-6,5,0.25,0.42329863,0.60253143,25
11_153_0,2023-03-21,6697,0.6000000000000001,1.0E-5,0.02762073,6,0.27,0.4273579,0.6590796,27
11_171_0,2023-03-21,5774,0.30000000000000004,1.0E-5,0.007669332,3,0.18,0.29127052,0.30435053,18
11_176_0,2023-03-21,6355,0.30000000000000004,1.0E-5,9.4093375E-6,3,0.14,0.67301595,0.6015138,14
11_213_0,2023-03-21,3880,0.4,1.0E-5,0.025158152,4,0.25,0.22795334,0.30065542,25
11_229_0,2023-03-21,9953,0.5,1.0E-5,8.622831E-6,5,0.24,0.1991839,0.19095202,24
11_245_0,2023-03-21,1735,0.8,1.0E-5,0.020521047,8,0.3,0.5707362,0.6455462,30
11_247_0,2023-03-21,9664,0.5,1.0E-5,9.483659E-6,5,0.27,0.56861293,0.58008343,27
11_258_0,2023-03-21,8960,0.5,1.0E-5,0.004964926,5,0.25,0.31062663,0.5118596,25
11_269_0,2023-03-21,3474,1.1,0.10197108,0.09793527,11,0.45,0.29457137,0.3702576,45
11_274_0,2023-03-21,6093,0.6000000000000001,0.027000472,0.14812446,6,0.28,0.90909964,0.5793744,28
11_280_0,2023-03-21,275,0.30000000000000004,0.025294334,0.016080605,3,0.22,0.43281746,0.5107114,22
11_284_0,2023-03-21,3432,0.7000000000000001,0.18889426,0.10736794,7,0.39,0.32366344,0.2936907,39
11_307_0,2023-03-21,2058,0.8,1.0E-5,0.004073278,8,0.31,0.5719931,0.6917525,31
11_317_0,2023-03-21,113,0.7000000000000001,0.0207691,0.027959151,7,0.35000000000000003,0.6352362,0.6179761,35
11_319_0,2023-03-21,1989,0.5,1.0E-5,0.023612041,5,0.25,0.39449614,0.33408767,25
11_334_0,2023-03-21,9643,0.4,1.0E-5,8.622831E-6,4,0.21,0.2150126,0.28494078,21
11_339_0,2023-03-21,5203,0.30000000000000004,1.0E-5,9.483659E-6,3,0.19,0.16637535,0.18865591,19
11_343_0,2023-03-21,5265,0.8,1.0E-5,0.004933461,8,0.4,0.4044054,0.38785294,40
11_350_0,2023-03-21,3179,0.7000000000000001,0.021782378,0.04239274,7,0.34,0.4417081,0.4395325,34
11_357_0,2023-03-21,7753,0.9,0.025282685,0.04926643,9,0.41000000000000003,0.57000375,0.5397402,41
11_358_0,2023-03-21,9745,0.8,0.01885482,0.054416098,8,0.39,0.39363635,0.48909727,39
11_373_0,2023-03-21,2431,0.7000000000000001,0.20041609,0.18089257,7,0.39,0.34011588,0.34141707,39
11_396_0,2023-03-21,9182,0.9,0.002716798,0.005879189,9,0.37,0.4580388,0.5544971,37
11_418_0,2023-03-21,3744,0.4,1.0E-5,8.976918E-6,4,0.24,0.35638267,0.36667964,24
11_422_0,2023-03-21,7245,1.3,0.19433665,0.12300712,13,0.52,0.16929153,0.3585418,52
11_424_0,2023-03-21,1763,0.7000000000000001,0.081423886,0.08822767,7,0.31,0.4198133,0.4352319,31
11_430_0,2023-03-21,7487,0.4,1.0E-5,8.976918E-6,4,0.26,0.35361904,0.3841696,26
11_441_0,2023-03-21,7215,0.30000000000000004,1.0E-5,0.017991064,3,0.22,0.15937127,0.2404425,22
11_447_0,2023-03-21,3281,0.4,1.0E-5,0.016955487,4,0.19,0.3037282,0.32301962,19
11_449_0,2023-03-21,8225,0.5,1.0E-5,0.0027836699,5,0.31,0.38982934,0.4102798,31
11_455_0,2023-03-21,7579,0.5,1.0E-5,0.023083495,5,0.25,0.33779275,0.3288019,25
11_464_0,2023-03-21,7130,0.7000000000000001,1.0E-5,0.029719444,7,0.33,0.5877635,0.5530856,33
11_471_0,2023-03-21,544,0.4,1.0E-5,6.034348E-4,4,0.25,0.23054188,0.20375697,25
11_482_0,2023-03-21,4903,0.6000000000000001,0.01898536,0.08222936,6,0.31,0.23965062,0.23861592,31
11_499_0,2023-03-21,7911,0.7000000000000001,1.0E-5,0.003909406,7,0.35000000000000003,0.34919265,0.39901954,35
12_2_0,2023-03-26,6139,1.6,0.04794802,0.034619976,16,0.54,0.21790157,0.14850664,54
12_8_0,2023-03-26,6202,0.30000000000000004,0.024302835,0.011402105,3,0.16,0.6325002,0.7530672,16
12_11_0,2023-03-26,2812,1.1,0.074028954,0.02640902,11,0.45,0.52742326,0.76681215,45
12_57_0,2023-03-26,7941,0.7000000000000001,0.07202233,0.091014415,7,0.34,0.38935366,0.50319624,34
12_82_0,2023-03-26,3426,1.0,0.03899319,0.014039768,10,0.43,0.32152188,1.0E-5,43
12_102_0,2023-03-26,214,0.5,1.0E-5,1.7523924E-5,5,0.24,0.14364386,0.15888232,24
12_109_0,2023-03-26,9856,0.30000000000000004,0.07615302,0.027364949,3,0.16,0.49121276,0.73066,16
12_153_0,2023-03-26,6697,0.5,0.065266155,0.029427353,5,0.24,0.42254612,0.3535528,24
12_171_0,2023-03-26,5774,0.30000000000000004,0.025881846,0.009236614,3,0.16,0.29929578,0.44226232,16
12_176_0,2023-03-26,6355,0.30000000000000004,1.0E-5,8.896617E-6,3,0.17,0.63587296,0.829626,17
12_213_0,2023-03-26,3880,0.5,0.066252306,0.028778156,5,0.23,0.19806528,0.14506528,23
12_245_0,2023-03-26,1735,0.7000000000000001,0.062243376,0.02228823,7,0.33,0.60783273,0.89577174,33
12_247_0,2023-03-26,9664,0.4,1.0E-5,9.022554E-6,4,0.21,0.5498643,0.67755693,21
12_269_0,2023-03-26,3474,0.6000000000000001,0.15394753,0.10690596,6,0.28,0.28147778,0.2865283,28
12_274_0,2023-03-26,6093,0.4,0.5992292,0.1612451,4,0.21,0.9145957,2.098785,21
12_284_0,2023-03-26,3432,0.5,0.08450883,0.11388589,5,0.27,0.3146051,0.38585177,27
12_317_0,2023-03-26,113,1.0,0.05583972,0.031323362,10,0.42,0.6132154,0.75792307,42
12_319_0,2023-03-26,1989,0.6000000000000001,0.07972982,0.028442321,6,0.31,0.41938967,0.7051086,31
12_339_0,2023-03-26,5203,0.2,1.0E-5,9.022554E-6,2,0.12,0.11465257,0.056704953,12
12_343_0,2023-03-26,5265,0.8,0.016641188,0.0059407917,8,0.34,0.39869174,0.5275782,34
12_350_0,2023-03-26,3179,1.1,0.083544664,0.045252003,11,0.47000000000000003,0.43952787,0.6095055,47
12_357_0,2023-03-26,7753,1.1,0.10662842,0.05461162,11,0.45,0.5816902,0.7896582,45
12_358_0,2023-03-26,9745,1.0,0.049829613,0.050289966,10,0.42,0.3935242,0.5809535,42
12_373_0,2023-03-26,2431,0.4,0.2941863,0.19973533,4,0.23,0.33151764,0.40630898,23
12_396_0,2023-03-26,9182,0.30000000000000004,0.0039904146,0.0043857424,3,0.19,0.43400076,0.37200126,19
12_422_0,2023-03-26,7245,0.7000000000000001,0.10159279,0.12328991,7,0.28,0.14869323,1.0E-5,28
12_424_0,2023-03-26,1763,1.0,0.16160269,0.09564841,10,0.43,0.40777594,0.47773954,43
12_441_0,2023-03-26,7215,0.2,0.0684242,0.017531278,2,0.12,0.15124938,0.18589045,12
12_447_0,2023-03-26,3281,0.9,0.04464632,0.019394603,9,0.4,0.27575997,0.29601485,40
12_449_0,2023-03-26,8225,0.30000000000000004,0.0093800705,0.0033510022,3,0.16,0.39512986,0.44771507,16
12_455_0,2023-03-26,7579,0.6000000000000001,0.07794461,0.027805598,6,0.28,0.341453,0.5350581,28
12_464_0,2023-03-26,7130,0.5,0.082442135,0.033700764,5,0.24,0.58591497,0.7986989,24
12_482_0,2023-03-26,4903,1.1,1.0E-5,0.032637272,11,0.45,0.11995135,1.0E-5,45
13_57_0,2023-04-25,7941,0.6000000000000001,1.0E-5,0.011918642,6,0.28,0.07320868,1.0E-5,28
14_11_0,2023-05-05,2812,1.2000000000000002,0.059076805,0.20861194,12,0.49,0.6964629,0.32647082,49
14_102_0,2023-05-05,214,1.6,0.28554124,0.21609454,16,0.58,0.24783109,0.3351327,58
14_109_0,2023-05-05,9856,1.1,0.13940984,0.16878541,11,0.45,0.43012628,0.3708011,45
14_317_0,2023-05-05,113,1.2000000000000002,0.06778864,0.19750978,12,0.48,0.41663754,1.0E-5,48
14_319_0,2023-05-05,1989,0.5,0.24668273,0.24424383,5,0.25,0.356802,0.04947924,25
14_357_0,2023-05-05,7753,1.2000000000000002,0.075942464,0.057472438,12,0.49,0.050074723,0.06771417,49
14_418_0,2023-05-05,3744,0.8,0.23044957,0.36054006,8,0.39,1.0821356,0.3706629,39
15_2_0,2023-05-25,6139,5.2,0.56521654,0.48583353,52,0.9,1.6167127,1.7467265,90
15_11_0,2023-05-25,2812,4.2,0.7431018,0.6025253,42,0.85,2.2888818,2.35186,85
15_57_0,2023-05-25,7941,0.8,0.5107792,0.41679302,8,0.33,0.95919544,1.118763,33
15_73_0,2023-05-25,3002,0.2,0.889713,0.75834465,2,0.08,2.928749,3.3809397,8
15_106_0,2023-05-25,956,0.30000000000000004,1.0E-5,0.059419103,3,0.16,0.14443813,0.20489034,16
15_109_0,2023-05-25,9856,1.3,0.35920364,0.3755795,13,0.51,1.0586014,0.95490247,51
15_153_0,2023-05-25,6697,5.1000000000000005,0.67246574,0.5705889,51,0.9,1.684018,2.105552,90
15_176_0,2023-05-25,6355,6.800000000000001,0.16681728,0.17935765,68,0.99,0.6426908,0.66328347,99
15_213_0,2023-05-25,3880,5.5,1.0894263,0.82446605,55,0.93,3.5799372,4.841015,93
15_229_0,2023-05-25,9953,7.0,0.9925732,0.7949558,70,1.0,3.2299135,3.9622455,100
15_247_0,2023-05-25,9664,1.7000000000000002,0.29246202,0.2213321,17,0.56,0.37951127,0.51319885,56
15_258_0,2023-05-25,8960,1.9000000000000001,0.79617053,0.69080734,19,0.64,2.5856273,3.0294127,64
15_269_0,2023-05-25,3474,4.2,0.49218053,0.4548015,42,0.85,1.1414812,1.2997729,85
15_274_0,2023-05-25,6093,1.6,0.9271093,0.84034455,16,0.5700000000000001,3.4455838,3.5913382,57
15_284_0,2023-05-25,3432,0.8,0.72564733,0.568936,8,0.39,1.6785947,2.4823587,39
15_307_0,2023-05-25,2058,5.2,0.72035074,0.6702946,52,0.91,2.3434374,2.0921848,91
15_317_0,2023-05-25,113,4.3,0.67223215,0.54262245,43,0.86,1.9233855,1.9813086,86
15_319_0,2023-05-25,1989,1.8,0.40104422,0.5362119,18,0.6,2.2614613,1.5512615,60
15_358_0,2023-05-25,9745,1.5,1.0E-5,0.055690486,15,0.55,0.093770064,0.18731187,55
15_373_0,2023-05-25,2431,5.9,0.8836258,0.6510493,59,0.9500000000000001,2.168063,3.1775534,95
15_396_0,2023-05-25,9182,1.9000000000000001,0.1636326,0.24607298,19,0.64,0.46055487,0.35619402,64
15_418_0,2023-05-25,3744,1.1,0.9452018,0.59385693,11,0.46,2.1862257,4.0559673,46
15_422_0,2023-05-25,7245,1.5,0.37576526,0.3592733,15,0.53,0.72408545,0.54461473,53
15_424_0,2023-05-25,1763,0.2,1.0E-5,0.03345871,2,0.09,0.47284508,0.52563024,9
15_430_0,2023-05-25,7487,2.0,0.45646146,0.4104131,20,0.64,0.87512255,0.842785,64
15_441_0,2023-05-25,7215,0.8,0.2844455,0.21526529,8,0.35000000000000003,0.42289305,0.5718624,35
15_447_0,2023-05-25,3281,5.0,0.58947206,0.5000851,50,0.9,1.7571666,1.8687322,90
15_449_0,2023-05-25,8225,7.0,1.009238,0.80647093,70,1.0,3.1066587,4.234314,100
15_464_0,2023-05-25,7130,2.3000000000000003,0.23368253,0.2611547,23,0.73,0.41031608,0.45079562,73
15_471_0,2023-05-25,544,5.800000000000001,0.48817,0.3694418,58,0.9400000000000001,1.6141567,2.1827636,94
15_482_0,2023-05-25,4903,5.7,1.1040008,0.9031697,57,0.93,3.9400048,4.5360255,93
16_8_0,2023-06-04,6202,6.2,0.7061325,0.5343934,62,0.96,1.5532879,2.100453,96
16_11_0,2023-06-04,2812,4.7,0.9161268,0.72815406,47,0.88,2.8713624,3.872188,88
16_38_0,2023-06-04,516,6.9,0.66579753,0.5756057,69,0.99,1.951722,1.6840029,99
16_57_0,2023-06-04,7941,0.6000000000000001,0.56946826,0.46853375,6,0.31,1.0732507,1.3699374,31
16_82_0,2023-06-04,3426,5.7,0.67937934,0.514147,57,0.93,1.3686194,1.8507328,93
16_109_0,2023-06-04,9856,4.1000000000000005,0.6436108,0.43334594,41,0.85,1.2344706,1.9398887,85
16_153_0,2023-06-04,6697,5.7,0.60735416,0.63429135,57,0.9400000000000001,2.0369272,1.6339937,94
16_176_0,2023-06-04,6355,6.0,0.36803743,0.1746801,60,0.9500000000000001,0.68877107,0.8909421,95
16_229_0,2023-06-04,9953,5.9,0.68042153,0.8109841,59,0.9400000000000001,3.405054,2.8078327,94
16_245_0,2023-06-04,1735,2.0,0.6987832,0.61424065,20,0.63,2.1357195,2.2219787,63
16_258_0,2023-06-04,8960,5.1000000000000005,0.8298884,0.69720596,51,0.91,2.6871493,2.8419318,91
16_284_0,2023-06-04,3432,1.9000000000000001,0.56073856,0.5744909,19,0.65,1.5358108,1.247469,65
16_317_0,2023-06-04,113,5.9,0.8320379,0.64145035,59,0.9400000000000001,2.4203243,3.5546424,94
16_319_0,2023-06-04,1989,5.2,0.9060185,0.6358173,52,0.91,3.0704052,4.5292687,91
16_334_0,2023-06-04,9643,1.2000000000000002,0.75513035,0.7919529,12,0.51,3.2836928,2.7800295,51
16_343_0,2023-06-04,5265,7.0,0.62389535,0.4984968,70,1.0,1.0278773,1.1544707,100
16_357_0,2023-06-04,7753,4.7,0.85839635,0.6350989,47,0.88,2.5605903,3.4084754,88
16_358_0,2023-06-04,9745,1.3,0.13378276,0.10532083,13,0.5700000000000001,0.062820524,1.0E-5,57
16_373_0,2023-06-04,2431,5.800000000000001,0.58639956,0.61589885,58,0.9400000000000001,1.9622916,1.6709795,94
16_396_0,2023-06-04,9182,1.0,0.27873397,0.34878504,10,0.46,0.716541,0.34946004,46
16_418_0,2023-06-04,3744,1.0,0.5707238,0.6169013,10,0.41000000000000003,2.2458231,1.7072682,41
16_422_0,2023-06-04,7245,6.1000000000000005,0.48219404,0.37556213,61,0.96,0.8454084,1.3270522,96
16_424_0,2023-06-04,1763,1.2000000000000002,0.09451125,0.0461374,12,0.5700000000000001,0.4895407,0.6135774,57
16_430_0,2023-06-04,7487,5.7,0.45593563,0.48859143,57,0.9400000000000001,1.242378,1.1742764,94
16_449_0,2023-06-04,8225,3.0,0.8358701,0.80410296,30,0.78,3.1287928,2.7618253,78
16_464_0,2023-06-04,7130,0.7000000000000001,0.4064564,0.28558463,7,0.35000000000000003,0.42676288,0.5403647,35
17_38_0,2023-06-09,516,6.1000000000000005,0.6742489,0.5777505,61,0.92,2.0155234,3.0046992,92
17_73_0,2023-06-09,3002,3.6,0.8522941,0.8148998,36,0.81,3.4124894,3.552082,81
17_109_0,2023-06-09,9856,2.8000000000000003,0.42480743,0.4414028,28,0.75,1.2510595,1.1584455,75
17_176_0,2023-06-09,6355,5.0,0.035652872,0.16510518,50,0.89,0.68062586,0.7044908,89
17_229_0,2023-06-09,9953,2.6,0.9942311,0.7914076,26,0.71,3.3510954,4.4813457,71
17_258_0,2023-06-09,8960,2.8000000000000003,0.6619538,0.76187277,28,0.74,2.9404347,2.996085,74
17_269_0,2023-06-09,3474,3.3000000000000003,0.6155862,0.4897255,33,0.8,1.208858,1.4990046,80
17_274_0,2023-06-09,6093,5.2,1.0683473,0.93308043,52,0.91,4.125529,5.1045737,91
17_307_0,2023-06-09,2058,5.9,0.9171144,0.7682378,59,0.9500000000000001,2.948076,4.401458,95
17_319_0,2023-06-09,1989,4.1000000000000005,0.7500982,0.6606977,41,0.85,3.2866058,3.93637,85
17_334_0,2023-06-09,9643,3.7,1.1070335,0.80756366,37,0.8200000000000001,3.3958528,5.1156325,82
17_396_0,2023-06-09,9182,1.4000000000000001,0.6041876,0.40262717,14,0.52,0.85248655,1.4401747,52
17_447_0,2023-06-09,3281,6.0,0.49350816,0.6094645,60,0.9500000000000001,2.4406908,2.3171315,95
17_482_0,2023-06-09,4903,6.6000000000000005,0.93664163,0.9301851,66,0.98,4.299747,4.974934,98
18_2_0,2023-06-19,6139,1.2000000000000002,0.63288957,0.54823446,12,0.49,2.0975058,2.9024565,49
18_11_0,2023-06-19,2812,5.4,0.7758622,0.74087363,54,0.92,2.890178,3.2415838,92
18_73_0,2023-06-19,3002,5.300000000000001,0.87811553,0.8022974,53,0.91,3.3213103,4.042541,91
18_102_0,2023-06-19,214,5.6000000000000005,0.5021548,0.40831757,56,0.93,0.91303575,1.1722084,93
18_106_0,2023-06-19,956,1.7000000000000002,0.32693583,0.42654005,17,0.62,1.2189589,0.058211368,62
18_153_0,2023-06-19,6697,3.1,0.7920951,0.75913256,31,0.78,2.8980772,3.138288,78
18_245_0,2023-06-19,1735,5.0,0.76596105,0.75386554,50,0.9,3.058824,3.241568,90
18_274_0,2023-06-19,6093,5.9,0.9852929,0.9894505,59,0.9500000000000001,4.504967,4.403688,95
18_284_0,2023-06-19,3432,5.4,0.5446463,0.43701962,54,0.91,0.9820402,1.098032,91
18_307_0,2023-06-19,2058,5.7,0.67177904,0.8239127,57,0.9400000000000001,3.357771,2.0632207,94
18_343_0,2023-06-19,5265,4.800000000000001,0.5125375,0.61072105,48,0.89,1.8243371,1.3830076,89
18_357_0,2023-06-19,7753,5.4,0.737827,0.70024675,54,0.92,2.7341475,3.1183672,92
18_358_0,2023-06-19,9745,1.2000000000000002,0.23747183,0.1430926,12,0.49,0.09021523,1.0E-5,49
18_396_0,2023-06-19,9182,4.3,0.5192249,0.4692847,43,0.87,1.0351913,1.1386493,87
18_430_0,2023-06-19,7487,5.4,0.71001697,0.6667898,54,0.92,2.3700764,2.2692153,92
18_447_0,2023-06-19,3281,6.5,0.87954795,0.6271856,65,0.98,2.61556,3.6195796,98
18_449_0,2023-06-19,8225,0.9,0.7006604,0.82329655,9,0.4,3.149188,3.060409,40
18_482_0,2023-06-19,4903,4.9,0.9642713,0.93080425,49,0.9,4.219336,4.2912803,90
19_2_0,2023-07-09,6139,2.0,0.46772844,0.44234538,20,0.54,1.4117908,1.1968862,54
19_8_0,2023-07-09,6202,5.6000000000000005,1.0220969,0.7418349,56,0.93,3.1231482,4.8201604,93
19_11_0,2023-07-09,2812,3.2,0.5702422,0.5091593,32,0.79,1.7508883,1.7603488,79
19_38_0,2023-07-09,516,0.7000000000000001,0.8797114,0.7069653,7,0.35000000000000003,3.0570023,3.8624048,35
19_57_0,2023-07-09,7941,3.6,0.80350405,0.7163135,36,0.8200000000000001,2.7604916,3.1432192,82
19_73_0,2023-07-09,3002,3.9000000000000004,0.6687411,0.57040364,39,0.84,2.1974852,2.2532566,84
19_82_0,2023-07-09,3426,0.7000000000000001,0.91858864,0.695178,7,0.33,3.0536659,4.129358,33
19_102_0,2023-07-09,214,1.7000000000000002,0.4333111,0.3696686,17,0.55,0.74857295,0.8943398,55
19_106_0,2023-07-09,956,2.2,1.0613974,0.71789205,22,0.67,2.9457114,4.8657713,67
19_109_0,2023-07-09,9856,3.1,0.50127685,0.4009799,31,0.79,0.915026,1.2475979,79
19_145_0,2023-07-09,3134,4.3,0.9762917,0.7388471,43,0.86,3.504709,4.7392864,86
19_153_0,2023-07-09,6697,1.1,0.9640428,0.6881896,11,0.47000000000000003,3.0648422,4.5342546,47
19_171_0,2023-07-09,5774,5.800000000000001,0.957367,0.68206346,58,0.9400000000000001,3.199135,4.752088,94
19_176_0,2023-07-09,6355,2.6,1.0E-5,0.0068829823,26,0.73,0.25965318,0.24513559,73
19_213_0,2023-07-09,3880,2.9000000000000004,0.6308938,0.4139121,29,0.78,1.3756381,2.000574,78
19_229_0,2023-07-09,9953,2.8000000000000003,0.68491274,0.5810367,28,0.74,2.214888,2.5338795,74
19_245_0,2023-07-09,1735,1.4000000000000001,0.9680353,0.77531374,14,0.54,3.5705101,4.645626,54
19_247_0,2023-07-09,9664,5.6000000000000005,0.7490944,0.5669066,56,0.93,2.0798614,2.8125186,93
19_258_0,2023-07-09,8960,5.800000000000001,0.92369163,0.8028128,58,0.9400000000000001,3.2547963,3.9331906,94
19_269_0,2023-07-09,3474,0.2,0.8696487,0.6904519,2,0.13,2.5918093,3.4995108,13
19_274_0,2023-07-09,6093,5.7,1.0353568,0.88483334,57,0.93,4.066569,4.933784,93
19_280_0,2023-07-09,275,1.3,0.98038346,0.7037726,13,0.51,3.013324,4.488084,51
19_284_0,2023-07-09,3432,2.3000000000000003,0.057589527,0.17618194,23,0.6900000000000001,0.2982398,0.14279701,69
19_307_0,2023-07-09,2058,5.800000000000001,0.88145345,0.7568517,58,0.9400000000000001,3.129776,3.974166,94
19_317_0,2023-07-09,113,0.5,0.92822355,0.7024696,5,0.27,2.9539557,3.9945233,27
19_319_0,2023-07-09,1989,5.0,0.6475841,0.49914262,50,0.9,1.8998017,2.069714,90
19_334_0,2023-07-09,9643,5.4,0.7017351,0.62835616,54,0.92,2.2962914,2.4909317,92
19_339_0,2023-07-09,5203,1.5,0.9892508,0.68845546,15,0.56,3.3333712,4.9651446,56
19_343_0,2023-07-09,5265,5.1000000000000005,0.8863175,0.66121185,51,0.9,2.757221,4.0298014,90
19_357_0,2023-07-09,7753,3.2,0.5728765,0.49207735,32,0.79,1.7024548,1.7739152,79
19_358_0,2023-07-09,9745,1.1,0.08300982,0.110761754,11,0.46,0.19425869,0.32239145,46
19_373_0,2023-07-09,2431,6.0,1.0136933,0.8738097,60,0.9500000000000001,3.5042043,4.802643,95
19_396_0,2023-07-09,9182,2.6,0.39996946,0.4293345,26,0.75,0.880433,0.8623057,75
19_418_0,2023-07-09,3744,5.2,0.7024435,0.49471733,52,0.91,1.6683453,2.517188,91
19_422_0,2023-07-09,7245,5.0,0.8983748,0.64263064,50,0.9,2.8407485,4.265005,90
19_424_0,2023-07-09,1763,0.7000000000000001,0.039267294,0.029717065,7,0.34,0.37200603,0.5030498,34
19_430_0,2023-07-09,7487,6.0,0.9617016,0.6955763,60,0.9500000000000001,3.0005057,4.727392,95
19_441_0,2023-07-09,7215,3.4000000000000004,0.86834,0.6970214,34,0.8,2.9070706,3.9731379,80
19_449_0,2023-07-09,8225,1.4000000000000001,0.6668516,0.71664727,14,0.53,2.667738,2.2813911,53
19_455_0,2023-07-09,7579,3.2,0.54366106,0.41143683,32,0.79,1.1642213,1.5743328,79
19_464_0,2023-07-09,7130,5.2,0.64672804,0.58632684,52,0.91,1.7796118,2.0088232,91
19_471_0,2023-07-09,544,3.9000000000000004,0.9575948,0.7246974,39,0.84,3.2724528,4.4252152,84
19_482_0,2023-07-09,4903,5.5,0.8893157,0.78806347,55,0.93,3.2078252,3.553398,93
19_499_0,2023-07-09,7911,6.1000000000000005,0.91261214,0.65336597,61,0.9500000000000001,2.8297634,4.199183,95
21_11_0,2023-08-03,2812,0.5,0.12018716,0.1703909,5,0.28,0.41448125,0.1818012,28
21_73_0,2023-08-03,3002,0.5,1.0E-5,0.1570309,5,0.26,0.52866423,1.0E-5,26
21_102_0,2023-08-03,214,0.7000000000000001,0.12629905,0.12129765,7,0.32,0.38278222,1.0E-5,32
21_109_0,2023-08-03,9856,2.0,0.21300335,0.24063256,20,0.64,0.2331998,1.0E-5,64
21_153_0,2023-08-03,6697,0.2,0.07572566,0.2525369,2,0.15,1.0031751,1.0E-5,15
21_171_0,2023-08-03,5774,0.2,0.29695374,0.2995911,2,0.12,1.0101726,0.40808833,12
21_176_0,2023-08-03,6355,0.4,1.0E-5,0.02248645,4,0.25,0.048308186,1.0E-5,25
21_213_0,2023-08-03,3880,0.30000000000000004,1.0E-5,0.12511249,3,0.13,0.5383725,0.3518774,13
21_229_0,2023-08-03,9953,0.4,0.06860127,0.20179802,4,0.26,0.5340194,1.0E-5,26
21_280_0,2023-08-03,275,0.5,0.3333204,0.35400334,5,0.24,1.0370992,0.33495358,24
21_307_0,2023-08-03,2058,0.2,0.2638199,0.28603747,2,0.12,0.78022027,1.0E-5,12
21_319_0,2023-08-03,1989,0.7000000000000001,1.0E-5,0.10977729,7,0.39,0.5356862,0.24372809,39
21_334_0,2023-08-03,9643,0.4,0.14662123,0.23757821,4,0.25,0.49081072,1.0E-5,25
21_339_0,2023-08-03,5203,0.2,0.21702023,0.3547621,2,0.13,1.2458986,0.36897117,13
21_350_0,2023-08-03,3179,0.4,0.24687472,0.15138836,4,0.26,0.018437393,1.0E-5,26
21_357_0,2023-08-03,7753,0.5,0.08372789,0.15501407,5,0.28,0.4152178,0.05901624,28
21_373_0,2023-08-03,2431,1.0,0.70334023,0.64667386,10,0.4,2.0284853,1.8009852,40
21_396_0,2023-08-03,9182,0.7000000000000001,0.19741966,0.25934958,7,0.29,0.29485214,1.0E-5,29
21_418_0,2023-08-03,3744,1.5,0.1863553,0.25975743,15,0.63,0.5587802,0.052310985,63
21_422_0,2023-08-03,7245,0.4,0.2929378,0.37570754,4,0.23,0.992669,0.17594275,23
21_430_0,2023-08-03,7487,0.6000000000000001,0.22639786,0.31583798,6,0.34,1.0716796,0.35252017,34
21_464_0,2023-08-03,7130,0.6000000000000001,0.2086838,0.30280656,6,0.32,0.57045317,0.13631149,32
21_499_0,2023-08-03,7911,0.2,0.30061203,0.3735153,2,0.13,1.1099278,0.37838742,13
22_11_0,2023-08-08,2812,1.3,0.059510097,0.1211495,13,0.48,0.25623068,0.13213262,48
22_102_0,2023-08-08,214,0.8,1.0E-5,0.078332424,8,0.39,0.32590234,0.6378395,39
22_171_0,2023-08-08,5774,0.5,0.11900638,0.2106613,5,0.26,0.59242415,0.26274717,26
22_213_0,2023-08-08,3880,0.5,1.0E-5,0.07774008,5,0.25,0.36999196,0.30380625,25
22_274_0,2023-08-08,6093,0.9,1.0E-5,0.17124587,9,0.37,1.0034763,0.4212541,37
22_307_0,2023-08-08,2058,0.7000000000000001,0.042350054,0.1804036,7,0.35000000000000003,0.2893277,0.16802074,35
22_319_0,2023-08-08,1989,0.6000000000000001,1.0E-5,0.043917235,6,0.3,0.33820355,0.30181575,30
22_357_0,2023-08-08,7753,1.3,0.050092727,0.105925575,13,0.48,0.25986746,0.26001287,48
22_396_0,2023-08-08,9182,1.6,0.21022432,0.22734974,16,0.58,0.21123101,0.25452378,58
22_422_0,2023-08-08,7245,2.8000000000000003,0.3191772,0.2972173,28,0.74,0.6577837,0.45614865,74
22_455_0,2023-08-08,7579,1.1,1.0E-5,0.16435881,11,0.47000000000000003,0.35464647,0.3136443,47
22_464_0,2023-08-08,7130,1.1,0.17260332,0.24456742,11,0.46,0.36093882,0.23231913,46
22_471_0,2023-08-08,544,0.5,1.0E-5,0.18697199,5,0.24,0.91601896,0.3039798,24
23_38_0,2023-08-13,516,0.2,1.0E-5,0.012531606,2,0.11,0.24583855,0.14504378,11
23_82_0,2023-08-13,3426,0.2,0.03277949,0.047087774,2,0.11,0.30052662,0.3823808,11
23_145_0,2023-08-13,3134,0.4,0.035380486,0.031736694,4,0.22,0.20852835,0.22324266,22
23_153_0,2023-08-13,6697,0.1,0.060420666,0.046427593,1,0.06,0.14881463,0.33452797,6
23_171_0,2023-08-13,5774,0.6000000000000001,0.03850495,0.10954463,6,0.3,0.20203264,1.0E-5,30
23_176_0,2023-08-13,6355,0.2,0.059812855,0.033664864,2,0.13,9.2803375E-6,1.0E-5,13
23_213_0,2023-08-13,3880,0.7000000000000001,0.025060283,0.024169015,7,0.35000000000000003,0.20970422,0.020050993,35
23_245_0,2023-08-13,1735,0.1,0.084519766,0.063697234,1,0.06,0.24886617,0.38665998,6
23_258_0,2023-08-13,8960,0.4,0.1304175,0.09869856,4,0.18,0.08368347,0.11316202,18
23_269_0,2023-08-13,3474,0.6000000000000001,0.35010654,0.24044435,6,0.28,0.3631022,0.5658813,28
23_280_0,2023-08-13,275,0.5,0.03400481,0.150202,5,0.25,0.16503179,0.02461888,25
23_334_0,2023-08-13,9643,0.2,0.10972408,0.08739065,2,0.12,9.2803375E-6,1.0E-5,12
23_350_0,2023-08-13,3179,1.3,0.07764613,0.13000454,13,0.45,0.026624344,0.05441754,45
23_430_0,2023-08-13,7487,0.4,0.048129562,0.123519294,4,0.23,0.118222736,1.0E-5,23
23_455_0,2023-08-13,7579,1.0,0.12048815,0.099716164,10,0.44,0.13516687,1.0E-5,44
23_482_0,2023-08-13,4903,0.30000000000000004,0.17448749,0.08686923,3,0.16,0.23775975,0.13209575,16
24_8_0,2023-08-18,6202,0.2,0.0010139575,7.673522E-4,2,0.12,7.3950137E-6,1.0E-5,12
24_57_0,2023-08-18,7941,0.30000000000000004,0.06790014,0.21766923,3,0.13,0.31707087,1.0E-5,13
24_247_0,2023-08-18,9664,1.0,0.03856749,0.029187461,10,0.42,7.3950137E-6,1.0E-5,42
24_269_0,2023-08-18,3474,0.8,0.22256507,0.23141383,8,0.36,0.34818602,0.28887713,36
24_317_0,2023-08-18,113,0.5,1.0E-5,8.558567E-6,5,0.24,0.2655848,0.3481681,24
24_343_0,2023-08-18,5265,0.1,0.16635914,0.14087994,1,0.06,0.09934818,1.0E-5,6
24_358_0,2023-08-18,9745,0.5,0.9687415,0.73044187,5,0.26,3.3038378,4.6883297,26
24_396_0,2023-08-18,9182,0.6000000000000001,0.18191288,0.21403822,6,0.31,0.20127295,0.09513855,31
24_424_0,2023-08-18,1763,0.8,0.94003004,0.7222402,8,0.39,3.012001,4.302341,39
24_482_0,2023-08-18,4903,0.30000000000000004,0.05086635,0.07500245,3,0.17,0.22466575,0.56206554,17
25_11_0,2023-08-28,2812,1.0,0.0128409965,0.030321805,10,0.44,0.03873934,1.0E-5,44
25_38_0,2023-08-28,516,0.9,0.042995155,0.17835493,9,0.42,0.9964321,0.6036028,42
25_57_0,2023-08-28,7941,1.0,0.5186689,0.24798161,10,0.43,0.48886338,0.9360685,43
25_73_0,2023-08-28,3002,0.9,3.0655964E-4,1.9885546E-4,9,0.4,0.18582527,0.2876186,40
25_82_0,2023-08-28,3426,1.0,0.098656155,0.06395243,10,0.43,0.28438628,0.31102076,43
25_145_0,2023-08-28,3134,0.7000000000000001,0.04096736,0.033419095,7,0.33,0.23281263,0.3034047,33
25_153_0,2023-08-28,6697,0.8,1.0E-5,0.02179459,8,0.39,0.15780003,0.12922266,39
25_171_0,2023-08-28,5774,0.5,1.0E-5,0.17813243,5,0.24,0.5283113,0.20313314,24
25_176_0,2023-08-28,6355,0.6000000000000001,0.052369006,0.04404204,6,0.29,8.614151E-6,1.0E-5,29
25_213_0,2023-08-28,3880,1.1,0.08455309,0.22739364,11,0.47000000000000003,0.9169695,0.2271083,47
25_229_0,2023-08-28,9953,1.0,0.028822245,0.12825441,10,0.43,0.20687509,1.0E-5,43
25_245_0,2023-08-28,1735,1.4000000000000001,0.056271646,0.057228025,14,0.54,0.17646801,0.111829676,54
25_269_0,2023-08-28,3474,1.2000000000000002,0.16471067,0.2682564,12,0.49,0.41976428,0.25960538,49
25_280_0,2023-08-28,275,0.6000000000000001,0.10305962,0.22041945,6,0.3,0.49524406,0.18283412,30
25_284_0,2023-08-28,3432,1.7000000000000002,0.33669183,0.28981823,17,0.53,0.60605097,0.74279475,53
25_317_0,2023-08-28,113,0.8,1.0E-5,0.057996247,8,0.39,0.262709,0.26583686,39
25_334_0,2023-08-28,9643,0.6000000000000001,1.0E-5,0.19516687,6,0.29,0.514412,1.0E-5,29
25_339_0,2023-08-28,5203,0.7000000000000001,0.056943264,0.27828747,7,0.32,0.96723527,1.0E-5,32
25_343_0,2023-08-28,5265,1.4000000000000001,0.16212246,0.14120139,14,0.55,0.14347894,0.29328918,55
25_357_0,2023-08-28,7753,1.0,0.011685952,0.024424616,10,0.44,0.05323277,1.0E-5,44
25_358_0,2023-08-28,9745,2.3000000000000003,0.6900077,0.736182,23,0.64,3.0768929,2.7753332,64
25_373_0,2023-08-28,2431,1.4000000000000001,0.16267198,0.25042948,14,0.53,0.58061326,0.18933068,53
25_396_0,2023-08-28,9182,1.3,0.2933423,0.21726704,13,0.52,0.25115734,0.42040935,52
25_418_0,2023-08-28,3744,1.1,1.0E-5,0.038634006,11,0.48,0.009784109,1.0E-5,48
25_422_0,2023-08-28,7245,1.1,1.0E-5,0.08998236,11,0.46,0.3644597,0.4475432,46
25_424_0,2023-08-28,1763,2.1,0.70754725,0.69607764,21,0.61,2.7673705,2.4882889,61
25_430_0,2023-08-28,7487,0.6000000000000001,0.12161886,0.10611337,6,0.31,0.07874388,1.0E-5,31
25_441_0,2023-08-28,7215,0.9,0.35624337,0.26960114,9,0.36,0.4796546,0.64861894,36
25_447_0,2023-08-28,3281,0.6000000000000001,0.10219754,0.077341996,6,0.3,0.09263133,0.12526187,30
25_449_0,2023-08-28,8225,2.3000000000000003,0.7389019,0.5995007,23,0.66,2.3456924,3.0749192,66
25_455_0,2023-08-28,7579,1.4000000000000001,0.27248994,0.16882257,14,0.54,0.09158716,0.104583114,54
25_464_0,2023-08-28,7130,1.3,0.25707218,0.20326616,13,0.52,0.2668614,0.35881564,52
25_471_0,2023-08-28,544,0.6000000000000001,0.008427995,0.005033867,6,0.29,0.07233488,1.0E-5,29
25_482_0,2023-08-28,4903,0.6000000000000001,1.0E-5,0.046005737,6,0.29,0.17304657,1.0E-5,29
25_499_0,2023-08-28,7911,0.8,0.029499993,0.18755758,8,0.39,0.32857952,0.10889907,39
27_8_0,2023-09-22,6202,0.9,0.07522917,0.17791997,9,0.38,0.44095457,0.46469298,38
27_38_0,2023-09-22,516,5.5,0.80883837,0.69717383,55,0.93,3.4721012,3.7611725,93
27_57_0,2023-09-22,7941,0.30000000000000004,0.105986156,0.2426763,3,0.18,0.68031245,0.6639138,18
27_102_0,2023-09-22,214,0.8,0.51471275,0.5152992,8,0.36,1.6586944,1.4462545,36
27_106_0,2023-09-22,956,1.2000000000000002,0.02899415,0.030858839,12,0.47000000000000003,0.28935885,0.1593102,47
27_171_0,2023-09-22,5774,0.5,0.65796643,0.5700763,5,0.25,2.423927,2.0833974,25
27_213_0,2023-09-22,3880,0.9,0.89499635,0.6797229,9,0.41000000000000003,3.1978717,4.017989,41
27_229_0,2023-09-22,9953,1.8,0.45962,0.52846575,18,0.6,1.8436542,1.1061821,60
27_269_0,2023-09-22,3474,0.1,0.45590445,0.4698198,1,0.06,1.0715458,0.84499025,6
27_280_0,2023-09-22,275,3.0,0.6494957,0.6093362,30,0.76,2.4242628,2.0348141,76
27_284_0,2023-09-22,3432,0.30000000000000004,0.37928078,0.35329592,3,0.14,0.69593143,0.7256487,14
27_307_0,2023-09-22,2058,0.5,0.055321977,0.09777145,5,0.25,0.41453466,0.54756993,25
27_317_0,2023-09-22,113,2.0,0.3305148,0.30225596,20,0.64,0.65915596,0.17608409,64
27_334_0,2023-09-22,9643,6.800000000000001,0.7267138,0.57606685,68,0.9400000000000001,2.3528223,2.7389135,94
27_339_0,2023-09-22,5203,5.800000000000001,0.935279,0.73812383,58,0.9400000000000001,3.892377,4.756257,94
27_358_0,2023-09-22,9745,1.0,0.61031294,0.4902214,10,0.41000000000000003,1.4475548,1.5502255,41
27_373_0,2023-09-22,2431,0.2,0.011892625,0.107770346,2,0.09,0.580996,0.5277186,9
27_430_0,2023-09-22,7487,0.7000000000000001,0.09913558,0.10672193,7,0.3,0.23425435,0.26935184,30
27_449_0,2023-09-22,8225,0.5,0.63133514,0.6002988,5,0.25,1.915899,1.9851835,25
27_499_0,2023-09-22,7911,3.2,0.48085052,0.516257,32,0.78,1.9687546,1.0157421,78
28_2_0,2023-09-27,6139,4.6000000000000005,0.37237048,0.39207765,46,0.86,0.9596852,0.7882719,86
28_8_0,2023-09-27,6202,1.3,0.18325724,0.25339776,13,0.51,0.7186223,0.5135525,51
28_11_0,2023-09-27,2812,4.6000000000000005,0.60464364,0.4920138,46,0.88,1.4526577,1.8001877,88
28_38_0,2023-09-27,516,1.5,0.87414217,0.7615471,15,0.54,3.75534,4.3171787,54
28_57_0,2023-09-27,7941,0.9,0.12366809,0.24864672,9,0.4,0.6943422,0.6307979,40
28_73_0,2023-09-27,3002,3.5,0.7316596,0.63590825,35,0.81,3.0486972,3.0882025,81
28_82_0,2023-09-27,3426,1.1,0.02559528,0.13746086,11,0.45,0.5999194,0.6328884,45
28_102_0,2023-09-27,214,3.7,0.5871855,0.5434875,37,0.8300000000000001,1.7912912,1.9880359,83
28_109_0,2023-09-27,9856,2.1,0.24931493,0.34489113,21,0.64,0.9332825,0.6366871,64
28_171_0,2023-09-27,5774,6.6000000000000005,0.75302905,0.6190676,66,0.98,2.6357942,3.2910066,98
28_176_0,2023-09-27,6355,5.5,1.0E-5,0.009720389,55,0.91,0.25354013,0.30127406,91
28_213_0,2023-09-27,3880,5.5,0.80754983,0.7009102,55,0.92,3.2220154,3.9631884,92
28_229_0,2023-09-27,9953,4.800000000000001,0.6878641,0.6152453,48,0.88,2.3447456,2.301036,88
28_247_0,2023-09-27,9664,0.5,1.0E-5,0.01227427,5,0.24,0.57597065,0.7305103,24
28_269_0,2023-09-27,3474,3.0,0.5590806,0.5090381,30,0.79,1.2097553,1.4575526,79
28_274_0,2023-09-27,6093,1.9000000000000001,0.3712299,0.4737464,19,0.63,1.2375448,0.73114574,63
28_280_0,2023-09-27,275,6.4,0.77078444,0.67811614,64,0.92,2.860656,3.308062,92
28_307_0,2023-09-27,2058,1.1,0.053070374,0.18115476,11,0.42,0.71944463,0.590909,42
28_317_0,2023-09-27,113,2.8000000000000003,0.5871851,0.35064372,28,0.75,0.8841681,1.65891,75
28_334_0,2023-09-27,9643,4.7,0.7307944,0.6294306,47,0.85,2.5682185,3.073755,85
28_339_0,2023-09-27,5203,1.1,0.8721964,0.8078661,11,0.45,4.3321915,4.6345134,45
28_343_0,2023-09-27,5265,0.7000000000000001,0.018203506,0.16659747,7,0.3,0.62548995,0.5989277,30
28_350_0,2023-09-27,3179,5.800000000000001,0.68139046,0.60276574,58,0.9400000000000001,2.3302524,2.601788,94
28_357_0,2023-09-27,7753,4.6000000000000005,0.67230636,0.5857941,46,0.88,2.0614603,2.2060976,88
28_373_0,2023-09-27,2431,1.1,0.049716868,0.13941722,11,0.47000000000000003,0.66856474,0.76377696,47
28_396_0,2023-09-27,9182,1.3,0.025802894,0.2027572,13,0.52,0.74285257,0.765009,52
28_418_0,2023-09-27,3744,2.1,0.53807086,0.39281735,21,0.61,1.1108017,1.634064,61
28_422_0,2023-09-27,7245,3.3000000000000003,0.6417507,0.5553449,33,0.8,2.0719209,2.1271465,80
28_424_0,2023-09-27,1763,2.0,0.50288844,0.39990452,20,0.67,0.96514094,1.0236044,67
28_447_0,2023-09-27,3281,4.3,0.6858679,0.5659255,43,0.84,2.2422357,2.7963045,84
28_464_0,2023-09-27,7130,1.0,0.035095375,0.20259477,10,0.41000000000000003,0.7010312,0.8802125,41
28_471_0,2023-09-27,544,1.6,0.78650653,0.6623006,16,0.5700000000000001,3.2241855,3.4888263,57
29_8_0,2023-10-02,6202,1.3,0.3633224,0.32871252,13,0.48,1.0146686,0.6120516,48
29_11_0,2023-10-02,2812,1.5,0.59520954,0.5511376,15,0.56,1.6158062,1.7292596,56
29_38_0,2023-10-02,516,5.2,0.94439995,0.7967014,52,0.91,3.8752966,4.745347,91
29_102_0,2023-10-02,214,3.5,0.65304,0.5596196,35,0.78,1.8725761,2.4554183,78
29_109_0,2023-10-02,9856,1.1,0.45542672,0.36811936,11,0.45,1.0200002,1.2318428,45
29_145_0,2023-10-02,3134,1.5,0.045178566,0.12309784,15,0.51,0.3601856,0.4140273,51
29_171_0,2023-10-02,5774,5.2,0.9511358,0.6625017,52,0.91,2.768175,4.755402,91
29_213_0,2023-10-02,3880,4.9,0.92636114,0.71249217,49,0.9,3.1229272,4.5736847,90
29_247_0,2023-10-02,9664,0.7000000000000001,4.130098E-4,0.0239325,7,0.38,0.56944996,0.63155,38
29_269_0,2023-10-02,3474,1.6,0.6721789,0.53852546,16,0.5,1.3191165,1.7651829,50
29_274_0,2023-10-02,6093,1.1,0.5677375,0.53229,11,0.44,1.6096303,1.5093744,44
29_307_0,2023-10-02,2058,1.3,0.19536544,0.26825336,13,0.49,1.0530694,0.4229088,49
29_319_0,2023-10-02,1989,1.2000000000000002,0.55627745,0.39856723,12,0.46,1.129502,1.642736,46
29_343_0,2023-10-02,5265,0.7000000000000001,0.08106171,0.19792007,7,0.32,0.83574235,0.43358645,32
29_357_0,2023-10-02,7753,1.5,0.7842556,0.6560959,15,0.56,2.2845476,2.9385235,56
29_396_0,2023-10-02,9182,0.7000000000000001,0.11670534,0.21284826,7,0.3,0.9221322,0.5216882,30
29_422_0,2023-10-02,7245,1.5,0.6959007,0.6302941,15,0.56,2.2757359,2.5868037,56
29_430_0,2023-10-02,7487,1.1,0.088105954,0.100100376,11,0.44,0.2902266,0.28345492,44
29_449_0,2023-10-02,8225,1.0,0.55947065,0.5144759,10,0.44,1.4400644,1.4483564,44
29_455_0,2023-10-02,7579,1.2000000000000002,0.8695392,0.63974476,12,0.5,2.685483,3.9976926,50
29_464_0,2023-10-02,7130,0.7000000000000001,0.1294563,0.22123432,7,0.3,0.89904106,0.55537796,30
29_482_0,2023-10-02,4903,1.1,0.71286976,0.69625664,11,0.47000000000000003,2.8637412,2.6298826,47
30_2_0,2023-10-07,6139,4.6000000000000005,0.5033395,0.44521856,46,0.81,1.1820202,1.4274784,81
30_8_0,2023-10-07,6202,2.4000000000000004,0.48899424,0.39873046,24,0.6900000000000001,1.305505,1.3943907,69
30_11_0,2023-10-07,2812,2.5,0.56349987,0.5557593,25,0.7000000000000001,1.6351359,1.6565171,70
30_57_0,2023-10-07,7941,1.8,0.31100237,0.29232234,18,0.59,0.75710857,0.54845417,59
30_73_0,2023-10-07,3002,5.800000000000001,0.8479611,0.7434635,58,0.91,3.5197685,4.3902135,91
30_82_0,2023-10-07,3426,1.0,0.25204307,0.17458369,10,0.39,0.64638656,0.7379531,39
30_102_0,2023-10-07,214,3.7,0.5385383,0.5625711,37,0.8200000000000001,1.8952128,1.8390986,82
30_109_0,2023-10-07,9856,2.4000000000000004,0.51696503,0.3824052,24,0.7000000000000001,1.07597,1.551622,70
30_145_0,2023-10-07,3134,3.0,0.04311664,0.15859754,30,0.72,0.43050802,0.03851841,72
30_153_0,2023-10-07,6697,2.7,0.90140915,0.6821767,27,0.7000000000000001,3.3418362,4.5190396,70
30_171_0,2023-10-07,5774,1.4000000000000001,0.40955806,0.64620364,14,0.54,2.7076972,1.6318998,54
30_176_0,2023-10-07,6355,4.0,1.0E-5,9.444537E-6,40,0.81,0.29686484,0.32970706,81
30_213_0,2023-10-07,3880,2.4000000000000004,0.63869405,0.65153986,24,0.71,2.6905317,2.4608333,71
30_229_0,2023-10-07,9953,5.1000000000000005,0.8817267,0.7423009,51,0.9,3.2019916,4.2661147,90
30_245_0,2023-10-07,1735,1.0,0.847373,0.67751545,10,0.41000000000000003,2.9750476,3.978019,41
30_258_0,2023-10-07,8960,6.4,0.69275135,0.5607007,64,0.92,1.9816078,2.5939007,92
30_269_0,2023-10-07,3474,1.2000000000000002,0.5339501,0.54654366,12,0.46,1.3794981,1.199171,46
30_274_0,2023-10-07,6093,4.5,0.68247575,0.58065015,45,0.87,1.9611182,2.1482742,87
30_280_0,2023-10-07,275,4.7,0.81209373,0.760379,47,0.89,3.4899204,3.9509335,89
30_284_0,2023-10-07,3432,1.9000000000000001,0.35631013,0.3371209,19,0.56,0.6425448,0.71450984,56
30_307_0,2023-10-07,2058,5.0,0.467464,0.35320976,50,0.87,1.3895038,1.2189779,87
30_317_0,2023-10-07,113,3.2,0.073462635,0.42839155,32,0.78,1.3931597,0.31915152,78
30_319_0,2023-10-07,1989,3.2,0.36787826,0.3911098,32,0.78,1.0831093,1.0756642,78
30_334_0,2023-10-07,9643,4.0,0.7217585,0.66797966,40,0.81,2.6436281,3.0559075,81
30_339_0,2023-10-07,5203,4.800000000000001,0.9671912,0.86823153,48,0.89,4.6813383,5.506324,89
30_343_0,2023-10-07,5265,1.4000000000000001,0.2883731,0.27629447,14,0.51,1.1362914,0.5548626,51
30_350_0,2023-10-07,3179,5.0,0.6262067,0.64144987,50,0.89,2.5653985,2.3926482,89
30_396_0,2023-10-07,9182,1.9000000000000001,0.317753,0.28730354,19,0.5700000000000001,1.1866567,0.7234554,57
30_424_0,2023-10-07,1763,0.9,0.19648223,0.28352466,9,0.35000000000000003,0.5616741,0.394269,35
30_430_0,2023-10-07,7487,1.5,0.13932832,0.10110171,15,0.5700000000000001,0.29443076,0.3975857,57
30_447_0,2023-10-07,3281,1.9000000000000001,0.73763084,0.617175,19,0.66,2.3701506,3.1590428,66
30_449_0,2023-10-07,8225,1.9000000000000001,0.50222695,0.49446732,19,0.55,1.3477874,1.3642828,55
30_464_0,2023-10-07,7130,1.9000000000000001,0.29688945,0.29941058,19,0.5700000000000001,1.1806849,0.24398467,57
30_471_0,2023-10-07,544,1.2000000000000002,0.86055297,0.7662533,12,0.48,3.7483218,4.4721255,48
30_482_0,2023-10-07,4903,2.0,0.8331322,0.7233627,20,0.67,3.0739844,3.688692,67
30_499_0,2023-10-07,7911,0.7000000000000001,0.89185613,0.7344371,7,0.29,3.4270024,4.485994,29
31_2_0,2023-10-12,6139,5.2,0.52506834,0.456604,52,0.9,1.2435346,1.4754153,90
31_73_0,2023-10-12,3002,0.7000000000000001,0.84818053,0.74042916,7,0.33,3.5226538,4.284673,33
31_102_0,2023-10-12,214,3.1,0.6217781,0.5521413,31,0.78,1.8573112,2.0848508,78
31_106_0,2023-10-12,956,0.9,0.03858962,0.05053019,9,0.45,0.4793886,1.0631409,45
31_145_0,2023-10-12,3134,1.7000000000000002,0.3463618,0.19130528,17,0.62,0.4916694,0.74554914,62
31_171_0,2023-10-12,5774,5.5,0.5915544,0.61562973,55,0.91,2.5629094,2.3421338,91
31_176_0,2023-10-12,6355,5.2,1.0E-5,9.393695E-6,52,0.91,0.2972268,0.2993702,91
31_213_0,2023-10-12,3880,5.1000000000000005,0.48228765,0.575896,51,0.9,2.1811888,1.4304008,90
31_229_0,2023-10-12,9953,5.800000000000001,0.8632932,0.7696225,58,0.9400000000000001,3.4831724,3.9888196,94
31_280_0,2023-10-12,275,5.7,0.8439262,0.76282203,57,0.9400000000000001,3.626087,4.2297873,94
31_317_0,2023-10-12,113,4.6000000000000005,0.37857124,0.44887432,46,0.87,1.6396896,1.0210406,87
31_334_0,2023-10-12,9643,5.2,0.7245713,0.6406815,52,0.91,2.4898674,3.0015805,91
31_339_0,2023-10-12,5203,7.0,0.88743293,0.84425086,70,1.0,4.5506253,4.8929067,100
31_350_0,2023-10-12,3179,6.300000000000001,0.7598835,0.6389304,63,0.97,2.5754745,3.3851638,97
31_422_0,2023-10-12,7245,2.9000000000000004,0.6961631,0.6402877,29,0.74,2.3996089,2.6560338,74
31_447_0,2023-10-12,3281,5.1000000000000005,0.6236185,0.59913635,51,0.91,2.2276597,2.1971395,91
31_471_0,2023-10-12,544,6.7,0.86043274,0.75873107,67,0.99,3.7312233,4.578533,99
31_499_0,2023-10-12,7911,6.9,0.85951346,0.7618906,69,1.0,3.7399185,4.431158,100
32_2_0,2023-10-17,6139,3.5,0.50145876,0.4645825,35,0.76,1.255433,1.4097755,76
32_8_0,2023-10-17,6202,0.6000000000000001,0.7189265,0.50392145,6,0.29,1.7724006,2.9534087,29
32_11_0,2023-10-17,2812,2.0,0.590844,0.5903442,20,0.63,1.719896,1.764633,63
32_57_0,2023-10-17,7941,1.2000000000000002,0.5667514,0.36999372,12,0.5,0.82043576,1.2487742,50
32_73_0,2023-10-17,3002,5.1000000000000005,0.71405727,0.7650389,51,0.9,3.5916445,3.1227272,90
32_82_0,2023-10-17,3426,1.9000000000000001,0.29442528,0.31855878,19,0.62,1.1086444,0.7368496,62
32_102_0,2023-10-17,214,1.8,0.5327279,0.5290758,18,0.6,1.7626864,1.6933815,60
32_106_0,2023-10-17,956,1.0,0.08452899,0.053088665,10,0.46,0.48300868,0.17233421,46
32_145_0,2023-10-17,3134,4.6000000000000005,0.33163485,0.29460993,46,0.88,0.9082341,0.82804066,88
32_171_0,2023-10-17,5774,0.6000000000000001,0.65287095,0.57295895,6,0.31,2.3478281,2.5466046,31
32_176_0,2023-10-17,6355,1.9000000000000001,1.0E-5,9.870459E-6,19,0.64,0.30566335,0.3344816,64
32_213_0,2023-10-17,3880,4.2,0.38595435,0.4908799,42,0.86,1.6398077,0.9351179,86
32_229_0,2023-10-17,9953,1.2000000000000002,0.850735,0.7973804,12,0.46,3.6524875,4.1172323,46
32_245_0,2023-10-17,1735,1.1,0.7125733,0.65293056,11,0.46,2.7469125,2.8619418,46
32_247_0,2023-10-17,9664,1.1,0.11055811,0.05710039,11,0.47000000000000003,0.4529874,0.42658553,47
32_258_0,2023-10-17,8960,1.1,0.6017955,0.5842279,11,0.45,2.0304694,1.9892727,45
32_269_0,2023-10-17,3474,0.30000000000000004,0.57606936,0.5235359,3,0.14,1.3729436,1.6512991,14
32_274_0,2023-10-17,6093,0.2,0.81227285,0.63408715,2,0.13,2.4836576,3.8096755,13
32_280_0,2023-10-17,275,3.2,0.810789,0.74722993,32,0.79,3.6412,4.004991,79
32_284_0,2023-10-17,3432,1.9000000000000001,0.3494183,0.3129162,19,0.65,0.5815458,0.6324624,65
32_307_0,2023-10-17,2058,0.5,0.78964525,0.49324682,5,0.25,1.9554212,3.5326533,25
32_317_0,2023-10-17,113,0.7000000000000001,0.85564476,0.46145865,7,0.31,1.8405887,3.897179,31
32_319_0,2023-10-17,1989,0.6000000000000001,0.3350155,0.3722063,6,0.31,0.9432305,0.7390561,31
32_334_0,2023-10-17,9643,1.1,0.54972064,0.62768006,11,0.47000000000000003,2.349152,1.7317076,47
32_339_0,2023-10-17,5203,5.0,0.81989753,0.8022747,50,0.9,4.2958045,4.25474,90
32_343_0,2023-10-17,5265,1.0,0.7575519,0.41282305,10,0.46,1.6571983,3.224641,46
32_350_0,2023-10-17,3179,1.3,0.65017307,0.6758336,13,0.47000000000000003,2.7434359,2.547779,47
32_357_0,2023-10-17,7753,2.0,0.67694664,0.667974,20,0.63,2.2331026,2.3143497,63
32_358_0,2023-10-17,9745,1.0,0.08262628,0.17954357,10,0.43,0.37428916,0.13083684,43
32_373_0,2023-10-17,2431,4.7,0.51804256,0.31310794,47,0.89,0.85568416,1.1328237,89
32_396_0,2023-10-17,9182,0.7000000000000001,0.730597,0.4147078,7,0.35000000000000003,1.6297824,3.0188456,35
32_418_0,2023-10-17,3744,2.7,0.47247845,0.42074198,27,0.73,1.0059808,1.0242707,73
32_422_0,2023-10-17,7245,2.9000000000000004,0.6778255,0.6229442,29,0.76,2.3560905,2.6723022,76
32_441_0,2023-10-17,7215,1.0,0.54188627,0.4100937,10,0.42,1.2063333,1.6312792,42
32_447_0,2023-10-17,3281,5.1000000000000005,0.5379606,0.5906843,51,0.9,2.0726266,1.6656349,90
32_455_0,2023-10-17,7579,1.4000000000000001,0.5254712,0.5597115,14,0.53,2.051555,1.5703906,53
32_464_0,2023-10-17,7130,4.1000000000000005,0.781644,0.4339475,41,0.86,1.6712663,3.3636458,86
32_471_0,2023-10-17,544,4.2,0.7254312,0.733322,42,0.86,3.598924,3.2998757,86
32_482_0,2023-10-17,4903,4.6000000000000005,0.8430507,0.72605985,46,0.88,3.2229404,4.0242424,88
32_499_0,2023-10-17,7911,5.0,0.8363108,0.768863,50,0.9,3.907852,4.364237,90
33_2_0,2023-11-16,6139,2.7,0.52841496,0.40143025,27,0.71,1.0509744,1.569836,71
33_11_0,2023-11-16,2812,2.3000000000000003,0.5377602,0.43812856,23,0.67,1.1593977,1.352222,67
33_38_0,2023-11-16,516,2.0,0.4862584,0.39272124,20,0.7000000000000001,1.0144594,1.3205293,70
33_57_0,2023-11-16,7941,1.6,0.6691896,0.5107417,16,0.61,0.9593951,1.4795182,61
33_73_0,2023-11-16,3002,2.0,0.669415,0.6109249,20,0.65,2.4622564,2.657949,65
33_102_0,2023-11-16,214,1.9000000000000001,0.3252468,0.28077596,19,0.61,0.66043115,0.5778021,61
33_106_0,2023-11-16,956,0.7000000000000001,0.072948,0.20921092,7,0.39,0.38422343,0.2819326,39
33_109_0,2023-11-16,9856,2.2,0.39693958,0.25703207,22,0.73,0.40631223,0.79145664,73
33_145_0,2023-11-16,3134,0.30000000000000004,0.73349106,0.5654958,3,0.16,2.2918715,3.0822275,16
33_153_0,2023-11-16,6697,4.800000000000001,0.6309364,0.40506852,48,0.91,1.6633323,2.7847044,91
33_171_0,2023-11-16,5774,3.0,0.68054837,0.5552973,30,0.81,1.9811738,2.6517613,81
33_245_0,2023-11-16,1735,4.1000000000000005,0.5776562,0.43105608,41,0.88,1.2618345,1.7593055,88
33_258_0,2023-11-16,8960,3.6,0.68342245,0.57364434,36,0.8300000000000001,2.0605943,2.5745292,83
33_269_0,2023-11-16,3474,3.0,0.44091934,0.49596027,30,0.77,1.4037992,1.1843492,77
33_274_0,2023-11-16,6093,3.6,0.7576055,0.5739316,36,0.85,2.4819162,3.0977883,85
33_280_0,2023-11-16,275,3.3000000000000003,0.73804086,0.5501941,33,0.8,2.274965,3.1645756,80
33_307_0,2023-11-16,2058,5.5,0.7591265,0.77617353,55,0.92,3.3285832,3.4023883,92
33_319_0,2023-11-16,1989,1.4000000000000001,0.25919,0.22634463,14,0.5700000000000001,0.47872043,0.48198205,57
33_334_0,2023-11-16,9643,1.9000000000000001,0.4415047,0.40725794,19,0.6900000000000001,1.135423,1.1913568,69
33_350_0,2023-11-16,3179,4.5,0.6590821,0.60341156,45,0.9,2.3796704,2.5478275,90
33_357_0,2023-11-16,7753,2.3000000000000003,0.483455,0.44477972,23,0.67,1.1431413,1.1119722,67
33_358_0,2023-11-16,9745,1.3,0.10010745,0.07149217,13,0.52,0.18014611,0.04081958,52
33_373_0,2023-11-16,2431,1.4000000000000001,0.852192,0.76742566,14,0.59,3.1160684,3.8137467,59
33_396_0,2023-11-16,9182,3.7,0.8318676,0.79256,37,0.86,3.3374317,3.8283775,86
33_418_0,2023-11-16,3744,1.4000000000000001,0.27786672,0.2016612,14,0.56,0.3740223,0.48672825,56
33_422_0,2023-11-16,7245,1.5,0.4750368,0.395458,15,0.52,1.2527786,1.2831031,52
33_430_0,2023-11-16,7487,1.8,0.334414,0.2530809,18,0.59,0.58308035,0.78847766,59
33_441_0,2023-11-16,7215,0.8,0.69409883,0.634428,8,0.32,2.3586373,2.9127176,32
33_447_0,2023-11-16,3281,2.6,0.36635652,0.32251847,26,0.72,0.8268443,0.77454764,72
33_455_0,2023-11-16,7579,1.6,0.2808493,0.21706115,16,0.65,0.6422643,0.5204647,65
33_464_0,2023-11-16,7130,1.4000000000000001,0.8510261,0.8403294,14,0.54,3.8968842,4.1263175,54
33_482_0,2023-11-16,4903,3.2,0.6386962,0.5190015,32,0.79,1.8325937,1.8740057,79
34_8_0,2023-11-21,6202,1.4000000000000001,0.74959546,0.5672858,14,0.53,2.090288,2.826618,53
34_38_0,2023-11-21,516,2.0,0.39969242,0.33717203,20,0.61,0.89231277,0.68150467,61
34_57_0,2023-11-21,7941,1.6,0.48071194,0.4515646,16,0.65,0.79857075,0.7181834,65
34_106_0,2023-11-21,956,1.1,0.19945347,0.25116542,11,0.53,0.45871782,0.19324443,53
34_229_0,2023-11-21,9953,1.8,0.6516972,0.4714301,18,0.59,1.6501989,2.1992505,59
34_247_0,2023-11-21,9664,4.9,0.7227885,0.60608834,49,0.9,1.7838346,2.0584955,90
34_258_0,2023-11-21,8960,2.6,0.7496109,0.5175451,26,0.7000000000000001,1.8882852,2.6657345,70
34_269_0,2023-11-21,3474,2.2,0.6539658,0.43959716,22,0.65,1.230552,1.9668692,65
34_307_0,2023-11-21,2058,5.300000000000001,0.8550998,0.72816646,53,0.9,3.080215,3.700337,90
34_343_0,2023-11-21,5265,2.7,0.9064301,0.72905487,27,0.74,3.3473759,4.4150834,74
34_373_0,2023-11-21,2431,3.4000000000000004,0.79906565,0.76552695,34,0.8,3.1965673,3.381704,80
34_424_0,2023-11-21,1763,1.0,0.045545436,0.033808745,10,0.41000000000000003,0.35914084,0.35575664,41
34_464_0,2023-11-21,7130,4.1000000000000005,0.878241,0.7970279,41,0.84,3.6649961,4.0517783,84
35_11_0,2023-11-26,2812,1.0,0.18665269,0.30338272,10,0.49,0.7881108,0.25239283,49
35_109_0,2023-11-26,9856,1.1,0.16269614,0.22857517,11,0.53,0.33565253,1.0E-5,53
35_171_0,2023-11-26,5774,2.1,0.5374164,0.4263962,21,0.71,1.4146782,1.5572324,71
35_339_0,2023-11-26,5203,0.2,0.5254891,0.2906242,2,0.15,0.87437505,1.4805722,15
35_396_0,2023-11-26,9182,3.2,0.88471645,0.70037174,32,0.79,2.9184701,3.6763246,79
35_418_0,2023-11-26,3744,1.1,0.025019195,0.10018157,11,0.53,0.20421308,1.0E-5,53
35_441_0,2023-11-26,7215,0.7000000000000001,0.7082772,0.60468274,7,0.31,2.2407365,2.4352243,31
35_455_0,2023-11-26,7579,1.0,0.04683045,0.100602955,10,0.5,0.40014222,0.42264718,50
35_464_0,2023-11-26,7130,3.2,0.92971563,0.7691161,32,0.79,3.442386,4.3944225,79
35_499_0,2023-11-26,7911,1.5,0.72560847,0.4603148,15,0.61,1.6583166,2.8698535,61
36_38_0,2023-12-01,516,0.5,0.0419033,0.20754546,5,0.28,0.6372551,0.22151987,28
36_57_0,2023-12-01,7941,1.4000000000000001,0.31374264,0.357995,14,0.51,0.56617945,0.25404915,51
36_82_0,2023-12-01,3426,0.9,0.2763648,0.2751896,9,0.45,0.9966436,0.43802148,45
36_106_0,2023-12-01,956,0.9,0.55065334,0.407018,9,0.38,0.79707736,1.187209,38
36_247_0,2023-12-01,9664,3.2,0.757008,0.52920395,32,0.79,1.5835172,2.515198,79
36_280_0,2023-12-01,275,0.5,0.32098886,0.28105593,5,0.23,0.9733056,0.56290877,23
36_284_0,2023-12-01,3432,0.9,0.1876351,0.18307273,9,0.41000000000000003,0.30198368,0.3129104,41
36_307_0,2023-12-01,2058,1.9000000000000001,0.7739013,0.61431396,19,0.63,2.5751722,2.9918437,63
36_343_0,2023-12-01,5265,3.1,0.82750356,0.6506925,31,0.78,2.8196445,3.7336307,78
36_358_0,2023-12-01,9745,0.7000000000000001,0.041494388,0.042222414,7,0.37,0.30325735,0.49534956,37
36_373_0,2023-12-01,2431,0.4,0.8636986,0.73128754,4,0.19,2.830748,3.5989118,19
36_396_0,2023-12-01,9182,2.7,0.72771114,0.6345836,27,0.72,2.6084843,2.5533464,72
36_449_0,2023-12-01,8225,1.1,0.28916824,0.26395932,11,0.44,0.38650528,0.41974676,44
37_171_0,2023-12-06,5774,1.0,0.17663912,0.29089984,10,0.49,0.90202725,0.270088,49
37_213_0,2023-12-06,3880,0.7000000000000001,1.0E-5,0.004109165,7,0.38,0.1677061,0.12885338,38
37_229_0,2023-12-06,9953,0.7000000000000001,0.09520669,0.25510952,7,0.37,0.80888504,1.0E-5,37
37_280_0,2023-12-06,275,0.7000000000000001,0.07536707,0.20263489,7,0.35000000000000003,0.6664975,1.0E-5,35
37_358_0,2023-12-06,9745,0.8,0.03254914,0.031742282,8,0.42,0.34183934,0.2392376,42
37_373_0,2023-12-06,2431,2.7,0.7495516,0.681877,27,0.8,2.4776134,2.5750065,80
37_418_0,2023-12-06,3744,1.1,1.0E-5,0.055636704,11,0.51,0.20068464,0.00839128,51
37_447_0,2023-12-06,3281,0.8,1.0E-5,0.117648765,8,0.42,0.5034466,0.3388376,42
37_455_0,2023-12-06,7579,0.8,1.0E-5,0.04759369,8,0.38,0.33831936,0.49553382,38
37_471_0,2023-12-06,544,0.8,0.17610353,0.09856306,8,0.38,0.2177781,0.3250703,38
37_499_0,2023-12-06,7911,1.4000000000000001,0.30851057,0.3563245,14,0.5700000000000001,1.2329335,0.6691886,57
38_11_0,2023-12-11,2812,1.1,0.008500418,0.11076013,11,0.52,0.36638337,0.14607447,52
38_38_0,2023-12-11,516,0.30000000000000004,1.0E-5,0.0869855,3,0.18,0.42996803,0.3752537,18
38_57_0,2023-12-11,7941,1.1,0.19960658,0.2498425,11,0.52,0.33516783,0.35889363,52
38_82_0,2023-12-11,3426,0.30000000000000004,1.0E-5,0.13571273,3,0.16,0.5156844,0.26276925,16
38_102_0,2023-12-11,214,0.7000000000000001,1.0E-5,0.069597445,7,0.37,0.29871896,0.23537742,37
38_106_0,2023-12-11,956,0.6000000000000001,0.5810603,0.52986693,6,0.3,1.1108432,0.7755433,30
38_109_0,2023-12-11,9856,2.0,0.15330729,0.15494516,20,0.68,0.23992123,0.29155183,68
38_145_0,2023-12-11,3134,0.7000000000000001,0.15895079,0.25397474,7,0.33,0.8116975,0.21220982,33
38_213_0,2023-12-11,3880,0.7000000000000001,0.006393201,0.0058982847,7,0.38,0.19232987,0.2344889,38
38_247_0,2023-12-11,9664,1.1,0.33606523,0.3775685,11,0.5,1.1818811,0.5010278,50
38_258_0,2023-12-11,8960,0.7000000000000001,0.027372072,0.23076822,7,0.4,0.87711555,0.20877632,40
38_269_0,2023-12-11,3474,0.9,0.19485497,0.30933744,9,0.47000000000000003,0.7302577,0.34428954,47
38_274_0,2023-12-11,6093,0.7000000000000001,0.012282045,0.16670035,7,0.39,0.84197074,0.29408625,39
38_280_0,2023-12-11,275,0.4,0.011329588,0.13523428,4,0.25,0.4293375,0.2268338,25
38_317_0,2023-12-11,113,0.7000000000000001,0.07426679,0.036740627,7,0.37,0.29320973,0.34208846,37
38_319_0,2023-12-11,1989,0.9,1.0E-5,0.076855466,9,0.48,0.3023547,0.30645657,48
38_339_0,2023-12-11,5203,0.5,1.0E-5,0.14927097,5,0.26,0.4936001,0.1468251,26
38_343_0,2023-12-11,5265,1.0,0.4733515,0.4852633,10,0.49,1.8835068,1.160195,49
38_357_0,2023-12-11,7753,1.1,0.042236034,0.14987054,11,0.52,0.36387056,0.02478665,52
38_358_0,2023-12-11,9745,0.30000000000000004,1.0E-5,0.022413384,3,0.22,0.36697036,0.4783857,22
38_373_0,2023-12-11,2431,1.2000000000000002,0.5993967,0.61342156,12,0.55,2.0715544,1.7605966,55
38_418_0,2023-12-11,3744,0.7000000000000001,0.04493776,0.037976988,7,0.4,0.2076228,0.33254802,40
38_422_0,2023-12-11,7245,1.0,0.022453517,0.11669226,10,0.48,0.56043375,0.34944105,48
38_424_0,2023-12-11,1763,0.6000000000000001,0.025397804,0.030660849,6,0.35000000000000003,0.53852093,0.66157615,35
38_449_0,2023-12-11,8225,0.9,0.33570597,0.24904755,9,0.45,0.40074548,0.51628435,45
38_455_0,2023-12-11,7579,0.7000000000000001,1.0E-5,0.026527742,7,0.38,0.31662843,0.101785816,38
38_464_0,2023-12-11,7130,1.1,0.6014982,0.5571843,11,0.52,2.1347446,1.7957503,52
38_482_0,2023-12-11,4903,0.7000000000000001,0.032437883,0.14880608,7,0.4,0.6326111,0.4147525,40
39_2_0,2023-12-21,6139,1.4000000000000001,0.25123918,0.20939837,14,0.44,0.4020864,0.48223656,44
39_8_0,2023-12-21,6202,0.7000000000000001,0.0097858,0.15185934,7,0.4,0.7246754,0.26191753,40
39_11_0,2023-12-21,2812,0.9,1.0E-5,0.02312623,9,0.45,0.29315186,0.3757748,45
39_38_0,2023-12-21,516,0.5,1.0E-5,0.01945161,5,0.28,0.38882196,0.4608947,28
39_57_0,2023-12-21,7941,0.7000000000000001,0.079138264,0.17162007,7,0.38,0.23899278,0.023508154,38
39_73_0,2023-12-21,3002,0.30000000000000004,1.0E-5,8.860617E-6,3,0.22,0.1957991,0.23339123,22
39_82_0,2023-12-21,3426,0.4,1.0E-5,0.04500302,4,0.26,0.35368812,0.35668722,26
39_102_0,2023-12-21,214,0.2,1.0E-5,9.596735E-6,2,0.14,0.2311931,0.2505334,14
39_106_0,2023-12-21,956,1.1,0.735264,0.543403,11,0.45,1.1811295,2.0147696,45
39_145_0,2023-12-21,3134,0.4,0.07821893,0.07906383,4,0.26,0.1969342,0.17388625,26
39_171_0,2023-12-21,5774,0.2,1.0E-5,0.10416772,2,0.15,0.4251881,0.22814956,15
39_176_0,2023-12-21,6355,0.30000000000000004,1.0E-5,8.731909E-6,3,0.21,0.36054876,0.3620668,21
39_213_0,2023-12-21,3880,0.5,0.012421818,0.008705264,5,0.24,0.25556925,0.26478648,24
39_229_0,2023-12-21,9953,0.4,1.0E-5,0.07504495,4,0.24,0.3070211,0.2092942,24
39_245_0,2023-12-21,1735,0.9,1.0E-5,5.833157E-4,9,0.45,0.35136387,0.42262217,45
39_247_0,2023-12-21,9664,0.7000000000000001,1.0E-5,0.21317622,7,0.4,0.7831799,0.50767773,40
39_258_0,2023-12-21,8960,0.4,0.020125873,0.101614945,4,0.27,0.40059346,0.25401446,27
39_274_0,2023-12-21,6093,0.5,1.0E-5,0.004493885,5,0.28,0.3029473,0.3032084,28
39_280_0,2023-12-21,275,0.4,1.0E-5,0.047545955,4,0.21,0.28553772,0.28481373,21
39_284_0,2023-12-21,3432,0.7000000000000001,0.29337853,0.22754067,7,0.4,0.38613275,0.51578,40
39_307_0,2023-12-21,2058,0.6000000000000001,0.06015758,0.25759175,6,0.34,1.0470117,0.19877397,34
39_317_0,2023-12-21,113,0.7000000000000001,1.0E-5,0.02624378,7,0.39,0.3827228,0.3269917,39
39_319_0,2023-12-21,1989,0.5,1.0E-5,0.014718296,5,0.29,0.24614576,0.32521474,29
39_334_0,2023-12-21,9643,0.5,1.0E-5,0.003464512,5,0.27,0.32079157,0.3635733,27
39_339_0,2023-12-21,5203,0.2,1.0E-5,0.061189305,2,0.15,0.2469823,0.16888201,15
39_343_0,2023-12-21,5265,0.7000000000000001,0.102585234,0.29526618,7,0.39,0.96801853,0.22462961,39
39_357_0,2023-12-21,7753,0.9,0.033283602,0.027381085,9,0.45,0.14353175,0.31080616,45
39_358_0,2023-12-21,9745,0.6000000000000001,1.0E-5,0.009308394,6,0.35000000000000003,0.39927915,0.40198264,35
39_373_0,2023-12-21,2431,0.8,0.3505498,0.46039885,8,0.35000000000000003,1.2882938,0.6101032,35
39_396_0,2023-12-21,9182,0.6000000000000001,0.03383481,0.2604598,6,0.28,1.0726575,0.24897538,28
39_418_0,2023-12-21,3744,0.5,0.010341935,0.018655568,5,0.3,0.2576259,0.37935165,30
39_422_0,2023-12-21,7245,0.8,1.0E-5,0.025635535,8,0.32,0.36489448,0.48120636,32
39_424_0,2023-12-21,1763,0.5,0.034386765,0.03231636,5,0.24,0.5886043,0.5711824,24
39_447_0,2023-12-21,3281,0.30000000000000004,1.0E-5,9.772471E-6,3,0.22,0.3800419,0.43135545,22
39_455_0,2023-12-21,7579,0.7000000000000001,1.0E-5,0.0029239487,7,0.31,0.30315393,0.23994695,31
39_464_0,2023-12-21,7130,0.5,0.24426998,0.35590634,5,0.29,1.2163924,0.4402309,29
39_471_0,2023-12-21,544,0.7000000000000001,1.0E-5,0.05490995,7,0.32,0.22011912,0.12552023,32
39_482_0,2023-12-21,4903,0.5,1.0E-5,0.011080883,5,0.29,0.32272393,0.25126252,29
39_499_0,2023-12-21,7911,0.4,0.02734513,0.15790017,4,0.26,0.49728468,0.23835394,26
